az,32836
és,26325
hogy,16326
is,15808
nem,14411
egy,9686
de,5365
csak,4649
vagy,4530
van,4526
volt,3915
már,3873
ha,3810
még,3557
kell,3538
ez,3203
mint,2961
azt,2893
ki,2577
akkor,2494
sem,2344
lehet,2338
be,2327
mert,2204
minden,2201
olyan,1953
szerint,1844
magyar,1828
új,1727
nagy,1691
pedig,1635
ezt,1593
így,1581
úgy,1565
után,1563
jó,1557
fel,1511
két,1499
majd,1493
nagyon,1438
aki,1428
most,1427
én,1408
több,1382
itt,1379
lesz,1357
ami,1293
első,1292
között,1261
amely,1227
mi,1189
hanem,1150
nincs,1143
más,1115
illetve,1094
alatt,1055
egyik,1036
volna,1034
amit,1019
arra,1015
ilyen,987
le,980
azonban,970
ne,940
sok,922
amikor,918
való,907
által,905
számára,880
valamint,872
azért,865
akik,845
saját,833
jól,830
ahol,819
ott,813
annak,808
vagyok,807
kis,803
mindig,803
miatt,802
on,802
mellett,786
alapján,747
mit,741
lenne,731
vannak,691
előtt,686
egész,674
át,664
nélkül,661
lett,658
igen,650
ezért,648
év,633
te,625
másik,616
teljes,606
néhány,601
ma,595
során,591
milyen,587
rá,581
hiszen,574
mely,565
mind,564
valami,561
viszont,559
áll,553
tehát,549
inkább,548
legyen,545
három,542
tudom,538
amelyek,525
európai,525
éves,523
adott,522
ezek,522
tovább,519
nagyobb,516
például,515
nekem,509
könyv,508
se,508
szükséges,506
együtt,504
azok,503
akár,501
ennek,497
megfelelő,495
őket,492
szó,484
elég,479
hozzá,479
erre,478
neki,478
nap,477
ezzel,476
következő,474
esetén,473
mivel,468
belül,467
ezen,467
éppen,463
közül,460
fontos,459
benne,458
jobb,458
magát,457
esetben,456
különböző,455
talán,455
voltak,452
fog,451
teljesen,447
maga,445
rendszer,443
egyes,437
található,436
vele,435
ebben,434
kellett,431
második,430
túl,425
egyre,424
egyéb,416
arról,415
valaki,415
miért,414
óta,404
ahogy,403
emberek,403
semmi,402
világ,402
tudja,400
bár,399
azzal,398
nemzetközi,398
került,397
ugyanis,397
mondta,395
aztán,392
című,391
isten,391
kicsit,391
módon,390
vissza,389
abban,381
legnagyobb,380
legalább,379
mindenki,376
gazdasági,373
jelent,373
persze,369
részt,369
újra,369
tud,368
kívül,367
eddig,363
össze,361
keresztül,357
hogyan,354
biztos,353
idő,352
utolsó,352
azon,351
kerül,350
szinte,350
dolog,348
egyetlen,348
ide,346
mikor,346
szép,346
mégis,344
felé,343
érdekében,343
have,341
szerintem,341
mai,340
nemzeti,338
szemben,338
sokkal,334
jog,333
összes,331
míg,328
képes,326
további,326
szakmai,325
legjobb,324
amelyet,322
lászló,322
szabad,321
általában,319
szóló,318
élet,318
évi,318
újabb,318
kellene,316
helyi,315
hosszú,315
jobban,315
kapcsolatban,315
kapcsolatos,312
politikai,312
régi,311
amerikai,308
cég,307
egyszer,306
azokat,304
része,304
emberi,303
készült,303
számos,303
teszi,303
közös,302
sikerült,301
hasonló,300
közben,300
rossz,300
úr,300
lévő,299
hazai,298
segítségével,297
történt,297
törvény,297
általános,297
száma,296
angol,294
istván,294
országos,294
kapott,292
igaz,290
mindent,290
esetleg,288
külön,287
hát,286
oldal,286
bizonyos,285
végén,284
elő,281
történő,281
jelentős,279
német,278
vonatkozó,278
évben,278
álló,277
elsősorban,276
film,276
jelenleg,275
ország,275
többi,275
város,275
alá,273
vagyunk,272
jános,270
négy,269
szent,268
szükség,268
természetesen,267
éve,266
évek,266
azaz,263
melyek,263
no,263
ám,263
kormány,262
magas,262
megy,262
bizottság,260
elmúlt,258
lehetséges,258
pár,258
amelynek,257
sőt,257
ad,256
csupán,256
igazán,256
szintén,256
esetében,255
később,254
mintha,254
először,253
igazi,253
nemcsak,252
ahhoz,251
ellenére,251
fél,251
has,251
korábban,251
közötti,250
október,250
jelenti,249
sokat,249
belső,246
fő,246
regisztrált,246
ismét,245
harmadik,242
társadalmi,242
egyébként,241
megyei,241
pont,241
fenntartva,240
kérdés,240
kisebb,239
péter,239
eredeti,238
tényleg,238
addig,237
helyen,237
annyira,236
lehetőség,235
oldalon,235
munka,234
voltam,234
hol,233
óra,233
hat,231
helyett,231
soha,231
valóban,231
vált,231
érdemes,231
senki,228
állami,228
melyet,227
rövid,227
tenni,227
hiszem,226
lehetett,226
megfelelően,226
mondja,226
fórum,225
jött,225
lehetőséget,225
lenni,225
létre,225
valamit,225
férfi,224
mintegy,222
ezeket,221
egyszerű,220
közel,220
tett,220
egészen,219
hét,219
magyarországon,219
sor,219
magyarország,218
ők,217
korábbi,216
adatok,215
gyakran,215
nő,215
utóbbi,215
út,215
kép,214
követően,214
nehéz,214
rajta,213
ugyan,213
venni,213
neked,212
akar,210
józsef,210
meghatározott,210
lehetővé,209
tagja,209
melynek,208
tudok,208
este,207
felhasználó,207
bele,206
működik,206
tudományos,204
von,204
jön,203
lehetne,203
róla,203
élő,203
jelen,202
különösen,202
magam,202
végre,202
felhasználók,201
képest,201
közé,201
sajnos,201
körül,200
megjelent,200
többet,200
fiatal,199
akinek,198
also,198
ismert,198
napon,198
vezető,198
jár,197
szól,197
tartozik,197
őt,197
forint,196
vagyis,196
ön,196
előző,195
iskola,195
történik,195
érdekes,195
célja,194
elején,194
ferenc,194
megint,194
oda,194
személyes,194
előre,193
továbbá,193
tudjuk,193
alkalommal,192
játék,192
szervezet,192
végül,192
műszaki,191
kulturális,190
évvel,190
amíg,189
kereskedelmi,189
írd,189
komoly,188
természetes,187
fogja,186
hatalmas,186
semmit,186
budapesti,185
folyamatosan,185
jelenlegi,185
legfontosabb,185
időben,184
nekünk,184
véleményed,183
attól,182
külföldi,182
pontosan,182
látható,181
sokan,181
született,181
területén,181
tűnik,181
ehhez,180
részére,180
speciális,179
csapat,178
fekete,178
helyzet,178
keretében,178
öt,178
jogi,177
néha,177
tart,177
baj,176
központi,176
maradt,176
vett,176
csoport,175
hivatalos,175
kedves,175
mar,175
marad,175
rendelkezik,175
tartott,175
tette,175
elnöke,174
kevés,174
írta,174
önkormányzat,174
egyáltalán,173
idén,173
napja,173
tartja,173
azonos,172
egyszerűen,172
minél,172
részben,172
szeretnék,171
alig,170
alkalmas,170
egyéni,170
erről,170
perc,170
szerinti,170
azonnal,168
jövő,168
legtöbb,168
szinten,167
betű,166
hírek,166
ideje,166
na,166
oktatási,166
rendelkező,166
szociális,166
társaság,166
amelyben,165
figyelembe,165
gyors,165
használt,165
magyarországi,165
nekik,165
pénzügyi,165
eladó,164
gyorsan,164
külső,164
elé,163
erős,163
lesznek,163
pontos,163
továbbra,163
válik,163
években,163
annyi,162
gábor,162
láttam,162
mondani,162
egyaránt,161
gondolom,161
legújabb,161
mindenkinek,161
tartalmazza,161
ingyenes,160
sándor,159
főleg,158
tartalmaz,158
tudják,158
állt,158
adni,157
említett,157
hagyományos,157
ház,157
jut,157
tartozó,157
vélemény,157
úton,157
fehér,156
helyet,156
király,156
részét,156
él,156
alábbi,155
annyit,155
ebből,155
válasz,155
ért,155
akit,154
kap,154
mondjuk,154
egyet,153
mértékben,153
napi,153
nevű,153
név,153
probléma,153
tesz,153
üzleti,153
egyetem,152
ment,152
személy,152
utána,152
könnyen,151
oka,151
szervezetek,151
szívesen,151
valamilyen,151
györgy,150
kizárólag,150
sincs,150
egészségügyi,149
munkát,149
egyedül,147
engem,147
eu,147
választ,147
francia,146
jutott,146
működő,146
tudni,146
ugyanakkor,146
adja,145
számú,145
végzett,145
belőle,144
jézus,144
mire,144
szeptember,144
tudtam,144
társadalom,144
információk,143
látszik,143
mások,143
rendkívül,143
sokszor,143
tíz,143
épp,142
szerepet,141
állandó,141
írt,141
családi,140
egyben,140
embert,140
hely,140
kötelező,140
összesen,140
egymás,139
egymást,139
hungarian,139
lassan,139
zene,139
idején,138
annál,137
mondom,137
anyagi,136
egyesült,136
egyszerre,136
ekkor,136
minket,136
szolgáltatások,136
szám,136
tanár,136
valószínűleg,136
anyag,135
család,135
függ,135
látogató,135
mutatja,135
révén,135
század,135
tagjai,135
zoltán,135
azóta,134
bennünket,134
bármilyen,134
egyetemi,134
formában,134
olasz,134
programok,134
támogatás,134
elektronikus,133
eljárás,133
helyezett,133
múlva,133
bármely,132
elleni,132
használni,132
kevesebb,132
közvetlenül,132
leginkább,132
nevét,132
tanács,132
tudta,132
írja,132
felett,131
jellegű,131
szerepel,131
várható,131
érkezett,131
önálló,131
föld,130
képet,130
széles,130
szépen,130
előbb,129
feladat,129
feladata,129
informatikai,129
közvetlen,129
megoldás,129
miközben,129
polgári,129
sikeres,129
valamennyi,129
vendég,129
vége,129
víz,129
igénybe,128
imre,128
kevésbé,128
lány,128
mögött,128
múlt,128
tetszik,128
alapvető,127
amennyiben,127
dolgot,127
elérhető,127
folyamatos,127
gyakorlati,127
jelenik,127
közt,127
látni,127
nélküli,127
szerződés,127
tudod,127
tér,127
egyház,126
hozott,126
héten,126
oly,126
rendszerek,126
tudnak,126
amelyeket,125
azoknak,125
fenti,125
képek,125
különleges,125
magasabb,125
melyik,125
szót,125
téma,125
típusú,125
végig,125
kéne,124
lap,124
magad,124
mellé,124
minisztérium,124
veszi,124
érte,124
jellemző,123
mindkét,123
otthon,123
szempontból,123
többek,123
állam,123
ára,123
hamarosan,122
reggel,122
szellemi,122
tőle,122
vezetője,122
adminisztrátor,121
biztosan,121
hónap,121
iránt,121
könnyű,121
tamás,121
termék,121
digitális,120
elmondta,120
figyelmet,120
használható,120
indult,120
intézmény,120
kapcsolódó,120
készített,120
látom,120
szolgáltató,120
tudunk,120
igy,119
kiváló,119
nálunk,119
többször,119
vette,119
alakult,118
biztonsági,118
függetlenül,118
hivatal,118
információs,118
magukat,118
megjelenő,118
miután,118
optional,118
pál,118
technikai,118
területen,118
zenei,118
eddigi,117
gyerekek,117
kissé,117
létezik,117
mennyire,117
szempontjából,117
szereplő,117
velük,117
akarja,116
andrás,116
autó,116
kapcsolatot,116
nyílt,116
termékek,116
tudott,116
verseny,116
állnak,116
alapítvány,115
darab,115
ezer,115
helyes,115
internetes,115
abból,114
egyesület,114
hozzászólások,114
intézmények,114
követő,114
lajos,114
nyelv,114
tiszta,114
történelmi,114
adatokat,113
cím,113
feltételek,113
föl,113
hasonlóan,113
május,113
nyújt,113
női,113
unió,113
anyagok,112
egymással,112
eszközök,112
európa,112
ezelőtt,112
majdnem,112
pénz,112
értem,112
dolgok,111
fővárosi,111
gyermek,111
kezdve,111
kiadó,111
köszönhetően,111
miniszter,111
rendszert,111
szeretném,111
szerzett,111
gyerek,110
gép,110
ipari,110
keres,110
képesek,110
látja,110
meleg,110
nők,110
rendelkezésre,110
rész,110
terület,110
egyedi,109
feladatok,109
jóval,109
kérjük,109
kész,109
következtében,109
rengeteg,109
segítséget,109
semmilyen,109
tartani,109
ugye,109
írni,109
aktuális,108
attila,108
gond,108
január,108
körülmények,108
pénzt,108
rendelet,108
szintű,108
tegnap,108
érdekel,108
önkormányzati,108
cikk,107
gyakorlat,107
idegen,107
ideig,107
időt,107
városi,107
érvényes,107
email,106
máris,106
országban,106
párt,106
regisztráció,106
rendszeresen,106
szövetség,106
súlyos,106
vár,106
adta,105
alacsony,105
ennyi,105
járt,105
szolgáltatás,105
tavaly,105
amint,104
cégek,104
díj,104
iskolai,104
jelentette,104
katolikus,104
piaci,104
tervezett,104
címmel,103
egyelőre,103
elnök,103
legalábbis,103
magának,103
számít,103
szólt,103
szóval,103
tudsz,103
vesz,103
zöld,103
akiknek,102
aminek,102
dolgokat,102
forintot,102
használata,102
idei,102
közösség,102
nehezen,102
szerző,102
tevékenység,102
állapotban,102
beteg,101
budapesten,101
fejlesztési,101
feltétlenül,101
gyula,101
indul,101
kapcsán,101
konkrét,101
központ,101
miklós,101
velem,101
egységes,100
előzetes,100
gondoltam,100
hisz,100
illeti,100
járó,100
kapcsolat,100
képviselő,100
legfeljebb,100
mást,100
tartalmazó,100
utáni,100
életét,100
írtam,100
augusztus,99
eltérő,99
ettől,99
fizikai,99
keresztény,99
krisztus,99
lista,99
lép,99
menni,99
mindössze,99
március,99
napig,99
nincsenek,99
operációs,99
sikerül,99
szerepe,99
észre,99
évre,99
amire,98
címet,98
előtti,98
ennél,98
esett,98
esik,98
haza,98
könyvtár,98
különös,98
lehetnek,98
ráadásul,98
száz,98
ti,98
támogatást,98
uniós,98
vajon,98
épület,98
béla,97
bíróság,97
fiatalok,97
hirtelen,97
háború,97
információ,97
június,97
készül,97
különféle,97
teszik,97
un,97
cél,96
együttes,96
fognak,96
hasznos,96
jövőben,96
körében,96
köteles,96
kötött,96
megvan,96
nyelvű,96
némi,96
programot,96
részletes,96
tartó,96
élete,96
bizony,95
embernek,95
helye,95
kapnak,95
mégsem,95
rendelkeznek,95
szeretnénk,95
számított,95
származó,95
támogatja,95
évig,95
bal,94
folyamat,94
hatása,94
ifjúsági,94
közgyűlés,94
lelki,94
levő,94
nevet,94
szeretne,94
szolgáló,94
szöveg,94
érintett,94
akarok,93
egykori,93
hosszabb,93
hír,93
július,93
katonai,93
kerülnek,93
képzés,93
kérdések,93
megye,93
nyitott,93
névtelen,93
oldalán,93
olvasható,93
regionális,93
történet,93
ér,93
csinálni,92
esetleges,92
fogva,92
intézet,92
néven,92
országok,92
pályázat,92
pályázati,92
segíteni,92
utca,92
címe,91
dolgozik,91
eredmény,91
gazdag,91
havi,91
hozzászólás,91
kicsi,91
károly,91
kérdést,91
orosz,91
rádió,91
továbbiakban,91
április,91
áron,91
óriási,91
aktív,90
felelős,90
kezdett,90
pozitív,90
személyi,90
szoftver,90
tökéletes,90
valódi,90
vettem,90
értelmében,90
felelősséget,89
hang,89
mindegy,89
nép,89
oktatás,89
oldalt,89
problémák,89
többen,89
életet,89
érzem,89
filmet,88
foglalkozó,88
ilyenkor,88
interneten,88
kezd,88
kovács,88
kívánt,88
levelet,88
messze,88
pontja,88
százalékos,88
tartalma,88
ugy,88
utoljára,88
apró,87
barátom,87
bárki,87
fiú,87
honlap,87
kedvenc,87
kultúra,87
megadott,87
mondtam,87
szabadon,87
veszélyes,87
vezet,87
világban,87
viszonylag,87
úgynevezett,87
embereket,86
eszembe,86
fent,86
használja,86
hozza,86
kék,86
maguk,86
mindenkit,86
mindenképpen,86
nyelven,86
nyugati,86
oldalra,86
értelemben,86
évente,86
úgyhogy,86
ajánlott,85
arany,85
egészséges,85
erősen,85
foglalkozik,85
helyre,85
hátsó,85
klasszikus,85
komolyan,85
kíván,85
különbség,85
nyert,85
pontot,85
sorozat,85
szabó,85
számomra,85
alatti,84
azután,84
biztosítja,84
cikkek,84
címen,84
délután,84
felső,84
független,84
híres,84
immár,84
információkat,84
ingyen,84
japán,84
jelentősen,84
közepén,84
les,84
mezőgazdasági,84
néz,84
rendben,84
rögtön,84
százalékkal,84
tagok,84
tartom,84
valamelyik,84
valójában,84
várja,84
werden,84
éven,84
beszél,83
biztosít,83
innen,83
kellemes,83
képeket,83
költségvetési,83
látta,83
öreg,83
alap,82
biztosítani,82
hallgatók,82
hallottam,82
hiába,82
hálózati,82
hős,82
kaptam,82
kemény,82
kivéve,82
korrekt,82
következik,82
közösen,82
meghatározó,82
rosszul,82
színes,82
sötét,82
tartják,82
tény,82
zárt,82
általa,82
üzenet,82
ahogyan,81
akartam,81
amúgy,81
auch,81
heti,81
kettő,81
lakás,81
megoldást,81
remélem,81
római,81
színház,81
szüksége,81
tekintetében,81
valahol,81
vállalat,81
élni,81
akarsz,80
amivel,80
fele,80
felhasználása,80
friss,80
gyakorlatilag,80
iránti,80
legyenek,80
lehetőségek,80
látott,80
mihály,80
mutat,80
sokáig,80
szegény,80
életben,80
órakor,80
elérni,79
ismeretlen,79
klub,79
lakosság,79
lényeg,79
másrészt,79
negyedik,79
per,79
problémát,79
regisztrálva,79
részéről,79
számítógépes,79
valahogy,79
világon,79
ír,79
alkalmazott,78
asszony,78
célra,78
eléggé,78
folyamán,78
gyönyörű,78
hallgató,78
helyzetben,78
hozzászólást,78
közösségi,78
magában,78
mielőtt,78
mindenféle,78
mostani,78
oldalak,78
pillanatban,78
példa,78
százaléka,78
adó,77
automatikusan,77
fölött,77
időszakban,77
információt,77
kapta,77
kernel,77
kerültek,77
nincsen,77
nyugodtan,77
nézve,77
orvosi,77
piac,77
szeretem,77
témát,77
téren,77
többnyire,77
vasárnap,77
vizsgálat,77
épült,77
csoportok,76
címre,76
díjat,76
döntés,76
egyházi,76
előadás,76
fogják,76
folyó,76
hálózat,76
jogosult,76
kattintva,76
környezet,76
köszönöm,76
melyben,76
máj,76
szakemberek,76
terén,76
világot,76
véve,76
beszélni,75
egyértelműen,75
fenn,75
fogok,75
folyik,75
férfiak,75
hamar,75
jogok,75
jót,75
kétszer,75
kör,75
körben,75
közönség,75
lehetősége,75
lépett,75
munkáját,75
napot,75
nyári,75
rám,75
szeretné,75
török,75
várhatóan,75
alól,74
eszköz,74
ezután,74
ezúttal,74
gyermekek,74
hatására,74
ismeri,74
kezdődik,74
kialakult,74
kiderült,74
kifejezetten,74
közlekedési,74
magyarok,74
orvos,74
projekt,74
régen,74
szavazás,74
szokásos,74
számítógép,74
tibor,74
téged,74
története,74
utat,74
velünk,74
véletlenül,74
zenekar,74
érték,74
adnak,73
eredménye,73
formájában,73
grafikus,73
gyenge,73
igény,73
játszik,73
kapni,73
legjobban,73
leszek,73
miként,73
nőtt,73
személyek,73
tekintettel,73
ugyancsak,73
végére,73
ár,73
útján,73
akart,72
alkalmazni,72
csodálatos,72
csökkent,72
dolgozni,72
február,72
halál,72
hatékony,72
kérem,72
köztük,72
levél,72
mondott,72
méretű,72
nyolc,72
nyújtott,72
onnan,72
sajátos,72
tekintve,72
tetszett,72
többsége,72
vezetői,72
életében,72
forintos,71
hideg,71
illetőleg,71
joga,71
kedvező,71
kiemelt,71
lásd,71
megyek,71
mennyi,71
másodperc,71
méltó,71
múzeum,71
nemzet,71
okoz,71
olvastam,71
román,71
választási,71
városban,71
végső,71
üres,71
alsó,70
fórumon,70
hány,70
kapsz,70
kívánja,70
megjelenik,70
minőségű,70
naponta,70
nappal,70
rendszeres,70
szervezett,70
talált,70
tanfolyam,70
település,70
vezetett,70
vörös,70
átlagos,70
élt,70
író,70
örök,70
biztosító,69
dolgozott,69
döntött,69
előtte,69
erkölcsi,69
eső,69
földön,69
hozta,69
igazgatója,69
igazság,69
kezdte,69
kommunikációs,69
kutya,69
magazin,69
meglévő,69
melyeket,69
mária,69
média,69
módszer,69
negatív,69
normális,69
szeretet,69
templom,69
ugyanaz,69
ugyanúgy,69
usa,69
vita,69
önkormányzatok,69
bejelentette,68
boldog,68
egymástól,68
eset,68
est,68
iroda,68
kiderül,68
kérdése,68
közölte,68
magára,68
meglehetősen,68
nyelvi,68
nálam,68
piacon,68
rendszerben,68
szabályok,68
szerver,68
szerződést,68
százalék,68
tulajdonképpen,68
voltunk,68
vonatkozik,68
állandóan,68
élnek,68
alkalmazása,67
csaknem,67
egyrészt,67
elegendő,67
engedélyével,67
foglalja,67
gazdaság,67
használják,67
holnap,67
jövőre,67
kor,67
megtalálható,67
modell,67
mond,67
napos,67
nyilván,67
szerelem,67
szolgáltatást,67
történelem,67
utcai,67
valakinek,67
verzió,67
választott,67
vállal,67
államok,67
akiket,66
alapvetően,66
amelyen,66
amelyik,66
anyagot,66
dolgozó,66
eredmények,66
függően,66
görög,66
határozza,66
kapcsolatba,66
karakter,66
kattints,66
kezdődött,66
kisebbségi,66
kínál,66
könyvet,66
megbízható,66
mondják,66
működését,66
napján,66
napokban,66
nyilvános,66
politika,66
rendőrség,66
ritkán,66
sosem,66
szem,66
szerzői,66
szoba,66
találtam,66
tóth,66
tűnt,66
zsolt,66
életpontot,66
értéke,66
érzi,66
ügyben,66
akarnak,65
egyike,65
ezáltal,65
fajta,65
fejlesztése,65
fia,65
foglalt,65
hoz,65
irodalom,65
lemez,65
mindennapi,65
népszerű,65
rendkívüli,65
szervezeti,65
számát,65
természet,65
többiek,65
többé,65
összeg,65
abba,64
alapú,64
avagy,64
ennyire,64
feladatokat,64
fizetni,64
gombra,64
időre,64
irodalmi,64
itthon,64
jogot,64
játszani,64
kapcsolatok,64
keresek,64
konferencia,64
későbbi,64
legfőbb,64
minőségi,64
működési,64
művészeti,64
okozott,64
provides,64
rendezett,64
rájuk,64
sohasem,64
személyesen,64
találni,64
tanulók,64
változata,64
változás,64
akarom,63
amiben,63
bekezdés,63
brit,63
bármikor,63
diákok,63
drága,63
ebbe,63
elektromos,63
elől,63
falu,63
fogom,63
fontosabb,63
gondolja,63
helyét,63
jelentése,63
kar,63
képviselői,63
kíváncsi,63
környezetben,63
környezeti,63
legmagasabb,63
magunkat,63
man,63
mély,63
nevében,63
nézni,63
segít,63
server,63
számot,63
században,63
tartotta,63
természeti,63
testület,63
valamely,63
véget,63
állítja,63
abszolút,62
ajánlom,62
anélkül,62
aránya,62
bekezdése,62
beszélt,62
biztosított,62
csaba,62
elméleti,62
furcsa,62
főként,62
gépek,62
hatalom,62
illetékes,62
illetően,62
játszott,62
játékos,62
kaptak,62
kutatási,62
közeli,62
mű,62
segíti,62
sind,62
szolgál,62
talál,62
tele,62
telefon,62
terv,62
tervek,62
témában,62
tökéletesen,62
veszik,62
vizet,62
véleményét,62
áfa,62
aláírás,61
amellyel,61
amiket,61
betegség,61
címed,61
egység,61
elfogadott,61
felhasználói,61
hiányzik,61
játékok,61
keleti,61
kiegészítő,61
kiállítás,61
kínai,61
körüli,61
lehessen,61
lélek,61
méter,61
nyáron,61
tavalyi,61
technológia,61
valós,61
árak,61
éjszaka,61
értelme,61
amik,60
bennem,60
európában,60
fejét,60
finom,60
ismeretek,60
jelzi,60
kapható,60
kik,60
kinek,60
korai,60
miniszterelnök,60
nyomán,60
piros,60
rendelkezésére,60
sikert,60
szombaton,60
számunkra,60
tartanak,60
területi,60
védett,60
végéig,60
érintő,60
érkezik,60
értékű,60
önnek,60
céljából,59
debian,59
eredményt,59
esetekben,59
horváth,59
ilyet,59
isteni,59
jönnek,59
keresni,59
kiadott,59
kérdésre,59
közelében,59
lényeges,59
szempontok,59
szokott,59
tevékenységet,59
tétel,59
vevő,59
világos,59
változások,59
véleménye,59
zenét,59
akkori,58
eredetileg,58
események,58
hónapban,58
lehetőségét,58
lettek,58
magába,58
mellyel,58
munkája,58
olvasni,58
polgármester,58
remek,58
ránk,58
sorban,58
szemmel,58
szereti,58
vizsgálata,58
értek,58
évet,58
órát,58
ügy,58
adat,57
adatait,57
alakul,57
betegek,57
elkészült,57
emlékszem,57
feb,57
figyelemmel,57
figyelmét,57
folytatott,57
fordult,57
hajlandó,57
hozni,57
idők,57
játékot,57
kategóriában,57
kerülő,57
kialakítása,57
kivételével,57
körülbelül,57
küldött,57
különben,57
lehető,57
lengyel,57
magával,57
megállapodás,57
mobil,57
másfél,57
nappali,57
parlament,57
rendesen,57
titkos,57
távoli,57
valaha,57
veled,57
változó,57
várjuk,57
állat,57
életre,57
éreztem,57
önmagában,57
adják,56
akarta,56
alacsonyabb,56
alapja,56
csökken,56
ellentétben,56
fa,56
fény,56
géza,56
hazánkban,56
helyzetet,56
hiánya,56
időszak,56
javaslat,56
kettős,56
kormányzati,56
körű,56
kötet,56
lennék,56
los,56
lényege,56
megfelel,56
millió,56
mindez,56
miszerint,56
nyílik,56
nála,56
pályázatot,56
rég,56
tartoznak,56
tudomány,56
tudás,56
témák,56
töltött,56
változott,56
véletlen,56
állatok,56
írásbeli,56
adtak,55
belüli,55
együttműködés,55
eleget,55
emiatt,55
erdélyi,55
fejlesztés,55
fejlődés,55
felnőtt,55
felül,55
fordul,55
fórumot,55
földi,55
gonosz,55
kiemelkedő,55
korszerű,55
közelebb,55
lennének,55
napra,55
osztrák,55
pénteken,55
szavakat,55
szerepelt,55
szexuális,55
számtalan,55
szülők,55
tanulmány,55
uram,55
utal,55
változik,55
végzi,55
óráig,55
alapuló,54
csatlakozás,54
dönt,54
döntő,54
esemény,54
ezeknek,54
feltétele,54
források,54
határozat,54
hibát,54
hozzánk,54
katalin,54
kérni,54
készülék,54
látogatták,54
magyarul,54
mód,54
nyelvet,54
osztály,54
parlamenti,54
plusz,54
rend,54
rendes,54
stratégiai,54
szegedi,54
számukra,54
szánt,54
tették,54
valakit,54
vesznek,54
érkező,54
értékben,54
érzés,54
debreceni,53
déli,53
emberiség,53
erő,53
feladatot,53
felel,53
feletti,53
fórumban,53
hőst,53
irányuló,53
javaslatot,53
kezdő,53
korában,53
lát,53
megjelenése,53
nehogy,53
nokia,53
okozta,53
oldalról,53
olvassa,53
országgyűlési,53
privát,53
sehol,53
szoros,53
származik,53
szél,53
tetején,53
ugyanolyan,53
változat,53
várt,53
épül,53
értékes,53
ősi,53
egyértelmű,52
energia,52
forrás,52
fut,52
halála,52
helyszínen,52
helyén,52
igazgató,52
igényel,52
iskolában,52
iskolák,52
jelennek,52
jelszót,52
letölthető,52
lányok,52
megszokott,52
mentén,52
mester,52
mindegyik,52
módszerek,52
olvas,52
profi,52
rendező,52
szét,52
tekinthető,52
televízió,52
területek,52
tevékenységét,52
támogatása,52
vallási,52
vonatkozóan,52
vállalati,52
vállalatok,52
vállalkozás,52
véleményem,52
ég,52
értékek,52
írásban,52
alaposan,51
amilyen,51
dollár,51
ellátott,51
elért,51
előírt,51
filmben,51
forma,51
hangsúlyt,51
hatással,51
honlapon,51
honlapot,51
hírt,51
jogtulajdonos,51
kossuth,51
kutatás,51
kért,51
készíteni,51
kívüli,51
lényegesen,51
módja,51
nektek,51
nyerte,51
ritka,51
régóta,51
résztvevők,51
szolgálat,51
sárga,51
tanuló,51
vettek,51
vállalkozások,51
éri,51
órás,51
úgyis,51
alapon,50
bíró,50
célszerű,50
egyfajta,50
elemek,50
előnnyel,50
eredményeket,50
erzsébet,50
esti,50
gyártó,50
hibás,50
jelentett,50
kezében,50
képzési,50
legszebb,50
lehetetlen,50
lehetőségeket,50
leírás,50
mondták,50
mára,50
nevezett,50
országokban,50
részén,50
szerepelnek,50
szerepét,50
szeretettel,50
századi,50
tartalmának,50
tudták,50
tulajdonosa,50
vették,50
várom,50
akció,49
duna,49
eltároltuk,49
eredményeként,49
felsőoktatási,49
felvételi,49
fux,49
fórumba,49
használ,49
hiányában,49
húsz,49
izgalmas,49
ja,49
kattintson,49
királyi,49
kiválasztott,49
kár,49
kérdéseket,49
könnyebb,49
közigazgatási,49
küldeni,49
legutóbbi,49
maximális,49
mostanában,49
pályán,49
rád,49
sikerrel,49
szavak,49
szint,49
szín,49
tettek,49
támogatási,49
tényleges,49
végleges,49
írásos,49
örömmel,49
azert,48
belépés,48
bemutató,48
eljárást,48
emelkedett,48
felesége,48
használatát,48
határon,48
határozott,48
hungária,48
induló,48
jöttek,48
kommunikáció,48
kutatók,48
költségek,48
környékén,48
követi,48
legkisebb,48
látjuk,48
megelőző,48
moderátor,48
módosító,48
nagyszerű,48
olcsó,48
pesti,48
rendezvény,48
semmiféle,48
siker,48
sima,48
szigorú,48
szocialista,48
technológiai,48
területeken,48
tesznek,48
távol,48
valóságos,48
vezette,48
vizsga,48
várják,48
ábra,48
állapot,48
állítólag,48
ötlet,48
adatai,47
balázs,47
beépített,47
biztonságos,47
dokumentum,47
dolgoznak,47
egyetemen,47
engedély,47
fogunk,47
folyamatok,47
havonta,47
honnan,47
hozzájuk,47
hétfőn,47
kezdeni,47
kénytelen,47
költségvetés,47
köze,47
köztársaság,47
legfrissebb,47
lépni,47
létező,47
megoldani,47
mennyiségű,47
mindezt,47
működött,47
nemi,47
népek,47
néző,47
oldala,47
piacra,47
próbálja,47
pálya,47
spanyol,47
szeret,47
számon,47
tanulni,47
tanácsadó,47
valóság,47
világháború,47
választás,47
válogatott,47
átfogó,47
összeget,47
üzenetet,47
akarják,46
akkora,46
automatikus,46
balaton,46
beleértve,46
fejlett,46
fokozatosan,46
fős,46
főváros,46
gazdája,46
gondolok,46
gáz,46
hallgatói,46
hangja,46
hittem,46
hozzám,46
hátha,46
időn,46
indított,46
jelentkezik,46
kora,46
képviselője,46
kérdezte,46
kérte,46
megyében,46
pedagógiai,46
programban,46
pusztán,46
pályázatok,46
sikeresen,46
szabott,46
színű,46
teljesítmény,46
tudtak,46
támogatásával,46
tárgy,46
téli,46
történeti,46
ugyanazt,46
vidéki,46
vélemények,46
épített,46
építési,46
épülő,46
éva,46
adatbázis,45
biztosítása,45
bonyolult,45
csomag,45
egyedülálló,45
egyenesen,45
elem,45
eleve,45
eredetű,45
felől,45
fesztivál,45
fogadta,45
gyakorlatban,45
gyorsabb,45
jelölt,45
joggal,45
jogokat,45
katona,45
kedden,45
kellő,45
kezelés,45
kialakított,45
komplex,45
kálmán,45
készítette,45
lassú,45
levélben,45
mennek,45
minimális,45
mutatják,45
mutatott,45
nemrég,45
pápa,45
pécsi,45
sajtó,45
senkit,45
szabályozás,45
szakma,45
szerdán,45
szolgálja,45
szöveget,45
találhatók,45
tartós,45
technika,45
testi,45
topic,45
versenyt,45
virtuális,45
érhető,45
északi,45
írás,45
összege,45
ajánljuk,44
alapul,44
amiért,44
csinál,44
csoda,44
címét,44
dolgozók,44
elsődleges,44
elsőként,44
felében,44
filmek,44
folyamatban,44
fontosnak,44
forgalom,44
forradalom,44
gondolat,44
gondot,44
hatását,44
héttel,44
hívják,44
ideális,44
irányba,44
jelenség,44
kann,44
kerületi,44
kilenc,44
kártya,44
kézzel,44
következett,44
lettem,44
létrehozott,44
manapság,44
meghalt,44
mellette,44
mértéke,44
múlik,44
nézett,44
párhuzamosan,44
szabadság,44
személyre,44
szerencsére,44
szobás,44
szoktam,44
szokás,44
számban,44
szóba,44
tanulmányi,44
tapasztalatok,44
tekintetben,44
telefonon,44
tisztában,44
vallás,44
vizsgálatok,44
válaszolni,44
válaszolt,44
órán,44
összefüggő,44
ablak,43
bizonyult,43
bármelyik,43
egyenlő,43
egymáshoz,43
egymásra,43
előadást,43
embereknek,43
ennyit,43
fiúk,43
fogjuk,43
formája,43
féle,43
fölé,43
főiskola,43
globális,43
gyorsabban,43
hajó,43
hangot,43
helyére,43
hivatalosan,43
hátrányos,43
hívja,43
igyekszik,43
ismerem,43
jelentkező,43
jelentősége,43
jogszabály,43
keletkezett,43
kitűnő,43
kórház,43
költő,43
külföldön,43
lapot,43
levegő,43
lépés,43
megváltozott,43
mindenütt,43
minek,43
mégpedig,43
művelődési,43
művészet,43
nagyjából,43
németh,43
növekvő,43
olyanok,43
országgyűlés,43
részletesen,43
részében,43
stabil,43
szeme,43
szerezni,43
szervek,43
szűk,43
tartották,43
telt,43
tevékenysége,43
tájékoztatást,43
utcán,43
végtelen,43
árpád,43
éjjel,43
értéket,43
örülök,43
akarjuk,42
akarunk,42
alkotó,42
amiről,42
antal,42
berendezések,42
beállítása,42
elso,42
fogadja,42
foglalkozni,42
gnu,42
gondolod,42
gépet,42
hallani,42
helyzete,42
hogyha,42
hátra,42
hétvégén,42
hónapos,42
ifjú,42
illető,42
indokolt,42
integrált,42
kapunk,42
kedvéért,42
kiadás,42
kérdésekre,42
kód,42
könyvek,42
lényegében,42
marketing,42
meghatározása,42
mindenesetre,42
mindjárt,42
mértékű,42
művész,42
nyilvánosságra,42
olvasó,42
para,42
percig,42
programokat,42
rejtett,42
régebbi,42
régió,42
segítő,42
srác,42
szembe,42
szomorú,42
szomszédos,42
tettem,42
távon,42
távú,42
vicc,42
választani,42
válnak,42
állítani,42
ötödik,42
ahonnan,41
biológiai,41
bruttó,41
bármi,41
békés,41
böngészi,41
csapatok,41
csütörtökön,41
dokumentumok,41
döntést,41
egyidejűleg,41
fejezet,41
forró,41
hagyja,41
hangzik,41
igencsak,41
igényes,41
intézményi,41
javasolt,41
jók,41
kapcsolódik,41
kezdtem,41
kezelni,41
kezét,41
kifejezés,41
kijelölt,41
kint,41
koncert,41
kosár,41
könnyedén,41
közti,41
magától,41
meglepő,41
mekkora,41
mozgalom,41
máshol,41
nyitva,41
példát,41
református,41
senkinek,41
számában,41
száraz,41
találtak,41
tartalmi,41
tulajdonos,41
tárgyak,41
túli,41
vagytok,41
varga,41
változtatni,41
várnak,41
wap,41
életének,41
írok,41
akivel,40
alakú,40
alkalmával,40
amelyre,40
atya,40
csendes,40
demokratikus,40
ellenőrzés,40
endre,40
erőt,40
fekszik,40
felesleges,40
felhasználókat,40
fordított,40
gimnázium,40
gyakori,40
hagyta,40
hamarabb,40
hatást,40
hetente,40
illik,40
ingatlan,40
jegy,40
jel,40
jogát,40
járnak,40
kiadása,40
küldd,40
molnár,40
munkaügyi,40
műsor,40
olyat,40
olykor,40
püspök,40
rendszere,40
rosszabb,40
részletek,40
részvétel,40
szakember,40
sziget,40
szovjet,40
százalékát,40
színházi,40
találta,40
tanárok,40
terjed,40
területet,40
tárca,40
törvényben,40
tőlük,40
utcában,40
vendégek,40
villamos,40
világszerte,40
átmeneti,40
összhangban,40
ül,40
adták,39
akarod,39
anyagokat,39
apja,39
autót,39
bácsi,39
bűn,39
csapata,39
célú,39
durva,39
egyúttal,39
egészet,39
egészében,39
elismert,39
elveszett,39
emellett,39
fekvő,39
felsorolt,39
folyt,39
forduló,39
gondolkodás,39
halálos,39
határidő,39
hova,39
igazából,39
ismerik,39
jelentkezett,39
kaptál,39
keresett,39
készítése,39
közzé,39
lehetőleg,39
látják,39
magunk,39
megoldások,39
megrendezésre,39
megvalósítása,39
mélyen,39
mért,39
művészi,39
noha,39
normál,39
nyugodt,39
névre,39
növekedés,39
perces,39
politikus,39
reggeli,39
szeged,39
szemét,39
szeretnél,39
szerettem,39
számok,39
szélesebb,39
színész,39
találunk,39
tanszék,39
tartalmaznak,39
tilos,39
törvények,39
túlságosan,39
tőlem,39
unalmas,39
utazás,39
valamivel,39
vesszük,39
állást,39
általuk,39
érezte,39
érthető,39
ahová,38
alapos,38
alkalmazható,38
azokkal,38
azonnali,38
bekezdésben,38
bekezdésében,38
bemutatott,38
bennük,38
bizonyára,38
csakis,38
cseh,38
csökkenti,38
délelőtt,38
elvileg,38
eszközöket,38
fejlesztők,38
feltételeket,38
futó,38
gyári,38
hamis,38
hatóság,38
hazánk,38
hete,38
házban,38
idősebb,38
igaza,38
istennek,38
jártam,38
kapja,38
kelt,38
kezelése,38
korban,38
képviselők,38
kérek,38
kéri,38
können,38
közepes,38
közlemények,38
munkák,38
mögé,38
műanyag,38
nemes,38
növények,38
okok,38
oldalakon,38
problémád,38
pályázó,38
rajtuk,38
sokféle,38
szert,38
szerv,38
számának,38
találták,38
tanult,38
tartalmát,38
tegnapi,38
tegye,38
terméket,38
teszt,38
témához,38
tök,38
vezeti,38
vállalkozó,38
vér,38
érinti,38
írj,38
órától,38
ülésén,38
őszi,38
alapító,37
alkalmazások,37
arányban,37
baráti,37
bemutatása,37
beruházás,37
beszéd,37
beszélgetés,37
beszélve,37
bármit,37
bátran,37
cikket,37
családok,37
csomó,37
célok,37
diák,37
elengedhetetlen,37
ellene,37
ellátás,37
ereje,37
erővel,37
felújított,37
forgalomba,37
funkció,37
főbb,37
hangsúlyozta,37
helyesen,37
hetes,37
hihetetlen,37
hölgy,37
időnként,37
jellemzi,37
jogszabályok,37
judit,37
kerülhet,37
kerülni,37
keveset,37
kizárólagos,37
kocsi,37
készültek,37
készülő,37
közelmúltban,37
közülük,37
legközelebb,37
legtöbbször,37
linkre,37
látványos,37
létrehozása,37
medgyessy,37
mentem,37
mindenhol,37
minőség,37
munkatársai,37
mutatta,37
másikat,37
másodközlése,37
mérkőzés,37
nyár,37
olcsóbb,37
országot,37
otthoni,37
pap,37
percben,37
pontosabban,37
por,37
programs,37
pártok,37
résztvevő,37
röviden,37
stratégia,37
szempont,37
szerves,37
szoftvert,37
széchenyi,37
találja,37
tavaszi,37
teve,37
táblázat,37
támogatott,37
térkép,37
típus,37
tűz,37
vagyon,37
versenyen,37
választások,37
vállalt,37
várni,37
végző,37
véleményt,37
általunk,37
éjszakai,37
önkéntes,37
összefüggésben,37
újat,37
újból,37
újság,37
ajtó,36
alkalmából,36
anyanyelvű,36
betegségek,36
csatorna,36
dal,36
dolga,36
eredményes,36
erősebb,36
eszközökkel,36
fantasztikus,36
gondolta,36
harc,36
használatával,36
hatás,36
hatósági,36
honlapján,36
hozzászólására,36
hó,36
illő,36
ilyesmi,36
irányban,36
jegyében,36
jöhet,36
keresi,36
keresés,36
káros,36
képen,36
későbbiekben,36
köszi,36
lefelé,36
leggyakoribb,36
megadni,36
megnézni,36
megtörtént,36
melletti,36
mer,36
moderátorok,36
mondható,36
mutató,36
másképp,36
módosított,36
nyilatkozta,36
nyomtatott,36
nyújtani,36
okból,36
rögzített,36
szak,36
szerzők,36
szlovák,36
találkozó,36
tartalom,36
tartjuk,36
teli,36
teret,36
támadással,36
támogató,36
tényező,36
történetét,36
uralkodó,36
valamikor,36
varázslatot,36
vas,36
vers,36
végezni,36
vékony,36
álltak,36
állította,36
átlagosan,36
édes,36
éles,36
élmény,36
értékelés,36
önök,36
adhat,35
angolul,35
asszem,35
birodalom,35
bizonyítja,35
dollárt,35
egyenes,35
egymásnak,35
elfogadta,35
elnökség,35
eredményei,35
evangélikus,35
feje,35
felek,35
felhasználható,35
fizetési,35
fogalma,35
foglaltak,35
fogsz,35
folytatni,35
harminc,35
használnak,35
honlapja,35
hősöd,35
igazad,35
irányába,35
jellegzetes,35
jobbra,35
jutnak,35
konyha,35
kutatások,35
képezi,35
könyve,35
köszönhető,35
község,35
leveleket,35
leírt,35
létrehozni,35
magyarság,35
magához,35
melyen,35
másként,35
működése,35
nehezebb,35
nevelés,35
népi,35
okos,35
portál,35
professzor,35
részének,35
rövidebb,35
szakértői,35
szakértők,35
szeretett,35
szigorúan,35
szorosan,35
szólva,35
találsz,35
tapasztalat,35
tartunk,35
tehet,35
terem,35
tisztán,35
vehető,35
vezetésével,35
vezetők,35
választotta,35
védelmi,35
zajlik,35
értünk,35
érzelmi,35
önmagát,35
újonnan,35
ülés,35
ünnepi,35
akad,34
akadémia,34
azokra,34
barna,34
befolyásolja,34
bites,34
bizonnyal,34
biztosítási,34
bír,34
bőr,34
csengőhang,34
demokrácia,34
durch,34
elfogadja,34
elhelyezett,34
előadások,34
esetek,34
ezekkel,34
felhasználóknak,34
felmerült,34
felmérés,34
felszerelt,34
felsőfokú,34
forgalmi,34
férje,34
földrajzi,34
gépen,34
hagyni,34
hagyott,34
halad,34
helyzetbe,34
helyzetét,34
hiteles,34
hónapja,34
igények,34
jelek,34
jenő,34
jutni,34
jutottak,34
kamara,34
kezdeti,34
korlátozott,34
kritikus,34
kényelmes,34
készülnek,34
könnyebben,34
kötelezettség,34
követ,34
követte,34
középkori,34
leszel,34
linkek,34
létrejött,34
maradtak,34
működnek,34
nettó,34
nevezte,34
nur,34
néztem,34
növeli,34
orvosok,34
parancsot,34
petőfi,34
pillanat,34
problémákat,34
rendszerint,34
rendőr,34
sebezve,34
soron,34
stúdió,34
szabályokat,34
szerinte,34
szerkesztőség,34
tartottak,34
tekinti,34
testét,34
támogatások,34
távközlési,34
témája,34
valamiféle,34
valószínű,34
vastag,34
vezetése,34
viszonyok,34
vállalja,34
vállalunk,34
váltak,34
védelme,34
állapota,34
állni,34
érdekelt,34
érdeklődés,34
értelmes,34
értékét,34
öröm,34
ötven,34
adatot,33
adunk,33
alkotott,33
applications,33
bejelentkezve,33
birtokában,33
bor,33
béke,33
bőven,33
csoportba,33
dinamikus,33
dolláros,33
egyén,33
elindult,33
eljárások,33
elküldjük,33
ellenében,33
eltelt,33
esélye,33
ezekben,33
feltételei,33
feltételeit,33
fogod,33
fogyasztói,33
földre,33
főiskolai,33
gomb,33
győri,33
haben,33
haladó,33
halott,33
hangulat,33
hasonlít,33
használjuk,33
hatályba,33
helyeken,33
hírlevelünkre,33
idős,33
igenis,33
inc,33
jelentés,33
jelentő,33
járni,33
kategória,33
kellemetlen,33
keresünk,33
kereső,33
keretek,33
kerület,33
ketten,33
kijelentette,33
kémiai,33
kér,33
kérdésben,33
készen,33
késő,33
kísérleti,33
köt,33
közszolgálati,33
közölt,33
különbséget,33
legendás,33
leszünk,33
látták,33
lépéseket,33
ló,33
maradnak,33
mas,33
megtalálja,33
megyünk,33
mentek,33
mesterséges,33
mondat,33
másnap,33
módosítása,33
napok,33
neves,33
nézzük,33
okozhat,33
pest,33
politikusok,33
pontok,33
pályára,33
qui,33
simán,33
statisztikai,33
szabvány,33
szenvedett,33
szerencsés,33
szeretnek,33
szeretnének,33
szintjén,33
szombat,33
szépségápolás,33
szürke,33
tagjainak,33
tanulás,33
tekinteni,33
tenger,33
tul,33
támogatására,33
tárgyi,33
tömeg,33
tükrözik,33
ugyanazon,33
vegye,33
vegyes,33
versenyző,33
vezetés,33
vinni,33
wie,33
zavar,33
zum,33
ágnes,33
álláspontját,33
árt,33
átlag,33
önállóan,33
összetett,33
úrnak,33
ügyében,33
ült,33
üzeneteket,33
üzlet,33
alapított,32
alábbiakban,32
arány,32
bajnok,32
bajnoki,32
baleset,32
bemutatni,32
bent,32
berendezés,32
bálint,32
bécsi,32
debrecen,32
eleg,32
elküldöm,32
ellentétes,32
elterjedt,32
engedélyt,32
erők,32
farkas,32
fejlődése,32
foglalkozott,32
folytatja,32
gyártók,32
hadd,32
hirdetés,32
híreket,32
idővel,32
igénylő,32
igényt,32
javára,32
javítása,32
játékosok,32
kaptunk,32
kezdi,32
kivétel,32
kormányzat,32
képtelen,32
készít,32
kívánok,32
kölcsönös,32
következménye,32
leendő,32
lelkes,32
látod,32
látszott,32
lévén,32
matáv,32
meghaladja,32
megmaradt,32
memória,32
mennyit,32
mindenre,32
mozgás,32
nyilvánvaló,32
picit,32
polgármesteri,32
portal,32
processzor,32
programja,32
szakasz,32
szerelmes,32
szerep,32
szoftverek,32
területe,32
tudna,32
tuti,32
tárgyalások,32
télen,32
térség,32
többféle,32
történhet,32
törvényt,32
utan,32
utazási,32
verziója,32
vetett,32
via,32
vidám,32
vizsgált,32
választották,32
várunk,32
végett,32
wurde,32
államokban,32
állunk,32
épületek,32
érzékeny,32
őszinte,32
administrator,31
alján,31
alkalmazás,31
alkalom,31
bevezetése,31
bizonytalan,31
biztonság,31
browser,31
célt,31
dass,31
derül,31
dávid,31
edit,31
egykor,31
egyszerűbb,31
eleme,31
elhangzott,31
elképzelhető,31
elkövetett,31
elment,31
eltűnt,31
elérte,31
előnye,31
enyém,31
eredményeit,31
ezekre,31
faj,31
felét,31
felület,31
foglalkoznak,31
fordítva,31
format,31
fotexnet,31
frissen,31
gondolatok,31
hatású,31
helyébe,31
hibák,31
holott,31
házi,31
igénye,31
ily,31
intézkedések,31
jelszavad,31
játszanak,31
kevesen,31
kommunista,31
komolyabb,31
következők,31
közöttük,31
leírása,31
listája,31
megjelölt,31
mindenkori,31
modellek,31
mátyás,31
mégiscsak,31
mérete,31
nagyot,31
neten,31
norbi,31
növekedése,31
növekszik,31
oldali,31
olvasás,31
pannon,31
pontban,31
postai,31
programmal,31
rendszerváltás,31
részvételi,31
róbert,31
sajna,31
sorra,31
sorsa,31
szeretnéd,31
szintre,31
szobában,31
számító,31
szóban,31
szövegek,31
tanári,31
tapasztalt,31
települések,31
termékeket,31
tevékenységek,31
tudomásul,31
tudtuk,31
támadás,31
témákat,31
tényezők,31
téve,31
tó,31
ura,31
vallásos,31
visszatért,31
vitte,31
változást,31
várost,31
védelem,31
végezte,31
vízzel,31
ádám,31
árát,31
élünk,31
építeni,31
érdekeit,31
évesen,31
írott,31
útra,31
ügyvezető,31
alkotmány,30
alkotmányos,30
alternatív,30
anyanyelvi,30
balra,30
barátja,30
belföldi,30
benyújtott,30
beszélnek,30
buli,30
bírósági,30
coyote,30
csatlakozási,30
céllal,30
database,30
direkt,30
egyebek,30
elfogadható,30
elfogadni,30
fejlődő,30
felfelé,30
felhasználni,30
fiam,30
fiatalabb,30
folytatta,30
folytatódik,30
forinttal,30
formátumban,30
fájl,30
fák,30
földet,30
gondolni,30
gondoskodik,30
hagyjuk,30
harci,30
hatályos,30
hoztak,30
hozták,30
hozzászólásra,30
hálózatok,30
híd,30
hónappal,30
ilyenek,30
ingyenesen,30
intenzív,30
ismereteket,30
jelezte,30
játszó,30
kapitány,30
kerüljön,30
ket,30
kevesebbet,30
kezdtek,30
keze,30
kezelésére,30
kidolgozott,30
kollégium,30
képe,30
követni,30
közeljövőben,30
közepette,30
lakossági,30
lapok,30
letöltődik,30
levelek,30
látogatta,30
maradjon,30
maradni,30
meccs,30
megjelenés,30
megtekintéséhez,30
megállapított,30
menj,30
miről,30
mozog,30
munkával,30
máv,30
méteres,30
működésének,30
nevezik,30
nyilvánvalóan,30
nyomon,30
németországban,30
optikai,30
parancs,30
partján,30
próbáltam,30
puszta,30
rajtam,30
romantikus,30
stílus,30
szavazást,30
szellem,30
szembeni,30
szereplők,30
szeretik,30
szilárd,30
szálloda,30
szótár,30
szöveges,30
szövetsége,30
szükségessé,30
sérült,30
találkozik,30
tartva,30
tel,30
terjedő,30
teszem,30
tisza,30
tárgya,30
tölti,30
utólag,30
viszi,30
vonal,30
végez,30
véli,30
xlibs,30
életem,30
érdeklődő,30
érdeklődők,30
írtak,30
úti,30
ősszel,30
ajánlani,29
akárcsak,29
alkalmazásával,29
amelyeknek,29
amerikában,29
amihez,29
anyja,29
befektetési,29
beszélünk,29
beállítások,29
böngésző,29
che,29
csapatot,29
csekély,29
csúnya,29
címszó,29
die,29
dupla,29
elemzése,29
előbbi,29
előfordulhat,29
energiát,29
enni,29
eszébe,29
felelősség,29
felvétel,29
fizetett,29
folytán,29
fáj,29
fáradt,29
félig,29
félév,29
fórumhoz,29
hadsereg,29
hangzott,29
használat,29
használati,29
határozottan,29
hatóságok,29
helyette,29
huf,29
házat,29
hőmérséklet,29
ideiglenes,29
időm,29
időpontja,29
iraki,29
ismerte,29
jelenet,29
jelentenek,29
járok,29
jónak,29
karaván,29
katonák,29
kde,29
kezdetben,29
kezeli,29
kezébe,29
kiadvány,29
kortárs,29
korán,29
képezik,29
kérlek,29
köré,29
követelmények,29
közlekedés,29
legjelentősebb,29
lehetőségeit,29
literes,29
logikai,29
látok,29
lépést,29
megszűnik,29
megszűnt,29
megvalósítani,29
minősül,29
mobilodra,29
műve,29
művek,29
nevek,29
nyilatkozott,29
nyújtó,29
oszt,29
péntek,29
reklám,29
rendelkezés,29
rugalmas,29
róluk,29
sebesség,29
segítség,29
svéd,29
szavazni,29
szebb,29
szerkezet,29
számítógépek,29
színvonalú,29
szóbeli,29
szólnak,29
szólni,29
szülő,29
tagállamok,29
találkoztam,29
tanfolyamot,29
tanulmányok,29
tartalmazzák,29
teljesítményt,29
termelés,29
tervezés,29
tájékoztató,29
társkereső,29
töltötte,29
tőlünk,29
tűnő,29
utak,29
varázspont,29
vasúti,29
világa,29
vonatkozásában,29
választható,29
városok,29
vízben,29
zajlott,29
államtitkár,29
állomány,29
állít,29
állítják,29
éppúgy,29
érteni,29
érvek,29
ókori,29
útját,29
ülésen,29
üveg,29
ajtót,28
akkoriban,28
alkotás,28
amelyekben,28
amiből,28
azonosító,28
bennünk,28
büszke,28
csatlakozó,28
csillagok,28
császár,28
derült,28
digital,28
doktori,28
egyszemélyes,28
egyszeri,28
ellenfél,28
elolvasni,28
előfordul,28
emelkedik,28
erejét,28
ezeken,28
ezüst,28
fej,28
fejlesztő,28
felmerülő,28
figyelni,28
foglal,28
fok,28
formák,28
forrása,28
félelem,28
gyereket,28
gyermeke,28
hagyomány,28
helyezi,28
hivatkozva,28
hozzászólásokat,28
hétig,28
híján,28
hívta,28
hónapig,28
illegális,28
irányító,28
iskolába,28
ismerete,28
istent,28
jármű,28
jöttem,28
kiadta,28
képzett,28
készülékek,28
kézi,28
költség,28
közhasznú,28
küldése,28
liter,28
lábát,28
légy,28
magamnak,28
megelőzően,28
meghaladó,28
megoldása,28
megteheted,28
megállapodást,28
megéri,28
melyre,28
merre,28
mindenben,28
minősége,28
mta,28
másikra,28
napjainkban,28
nato,28
nyilvánosság,28
nyújtanak,28
okokból,28
optimális,28
phpnuke,28
pici,28
pontjában,28
próbál,28
pécs,28
replaces,28
réteg,28
sebességgel,28
sorrendben,28
szeretek,28
szerveren,28
szervezők,28
szolgálati,28
szövetségi,28
tantárgy,28
tanácsot,28
tapasztalható,28
tartozott,28
technológiák,28
települési,28
tudná,28
tudós,28
tulajdona,28
társaságok,28
törvényi,28
tőke,28
veszem,28
vezetni,28
viccet,28
világában,28
vitát,28
vmi,28
választja,28
változatos,28
vírus,28
élek,28
életbe,28
ép,28
érdekli,28
érettségi,28
értékeket,28
értékelő,28
érzik,28
írva,28
adjon,27
ajánlatot,27
alakja,27
aligha,27
amelyből,27
asztali,27
autók,27
aztan,27
baloldali,27
barát,27
belépni,27
biztonságot,27
bővült,27
csatlakozott,27
csomagok,27
csupa,27
címzett,27
darabot,27
default,27
doboz,27
döntése,27
döntések,27
elemi,27
elhunyt,27
ellenzéki,27
elmegy,27
elégedett,27
emelt,27
engedi,27
engedélyezett,27
eredményét,27
eredő,27
euró,27
feldolgozása,27
felirat,27
feltétel,27
filmje,27
fogalmazott,27
functions,27
férfit,27
gergely,27
gondol,27
hallgatni,27
használták,27
határ,27
hatékonyan,27
helyben,27
hiszi,27
háttér,27
ich,27
ipar,27
irányú,27
ismerjük,27
ismerős,27
javítani,27
kapcsolata,27
kedvem,27
kegyetlen,27
kerek,27
kimaradt,27
kislány,27
kiválóan,27
kollektív,27
konferencián,27
korszak,27
kárt,27
kérdésekben,27
kérdésem,27
kísérlet,27
költségeit,27
köre,27
középfokú,27
lakott,27
legismertebb,27
legkésőbb,27
lehetőséggel,27
levelező,27
listát,27
láthatjuk,27
látvány,27
lény,27
lépj,27
magadat,27
maguknak,27
megegyezik,27
megfogalmazott,27
megrendezett,27
melléklet,27
menjen,27
mindannyian,27
miskolci,27
modul,27
module,27
mostantól,27
munkatársa,27
máskor,27
méghozzá,27
módját,27
módszerrel,27
napvilágot,27
nevezzük,27
non,27
nőt,27
ottani,27
otthont,27
pedagógusok,27
rendszerrel,27
segített,27
sokak,27
szabály,27
szerelmi,27
szokatlan,27
szoktak,27
számolt,27
származású,27
szív,27
szőke,27
találkozott,27
találkozunk,27
tartok,27
tavasszal,27
tehetséges,27
teljesítése,27
tesszük,27
tiszteletben,27
tudatos,27
tábor,27
támogatását,27
témákhoz,27
többség,27
törvényes,27
világosan,27
válaszok,27
vásárolni,27
vásárolt,27
állítható,27
általam,27
életünk,27
élők,27
érdemi,27
érezni,27
érti,27
aber,26
adok,26
ajánlat,26
alapját,26
alelnöke,26
alkalmasak,26
aludni,26
amennyit,26
apa,26
aratott,26
arca,26
au,26
bejegyzett,26
bekövetkezett,26
beruházások,26
beszélek,26
bocs,26
csinált,26
csoportot,26
egyetemes,26
egyezmény,26
egyeztetés,26
egységek,26
együttműködési,26
ekkora,26
elegáns,26
elmaradt,26
elte,26
eltérés,26
eléri,26
emberekkel,26
esetenként,26
etikai,26
ezentúl,26
fal,26
fegyveres,26
fejlődését,26
fizet,26
fokozott,26
folyóirat,26
font,26
fordítani,26
fordítás,26
fájdalom,26
garanciával,26
gyerekeket,26
gyermeket,26
gyilkos,26
határozatot,26
helyek,26
hivatott,26
hivatásos,26
hová,26
házak,26
hétköznapi,26
idejét,26
info,26
intelligens,26
iratkozz,26
iskolát,26
iván,26
izrael,26
jelentek,26
jelentkezők,26
jelentőségű,26
jogos,26
jártak,26
kedve,26
kelljen,26
kereskedelem,26
korabeli,26
kutató,26
középső,26
közösségek,26
lakik,26
leggyakrabban,26
lehetőségei,26
lemezt,26
liberális,26
lánya,26
látogatói,26
látogatók,26
látszólag,26
macska,26
magamat,26
magyarországra,26
meghatározni,26
meghatározza,26
megtalálni,26
mennyiségben,26
mutatnak,26
másnak,26
mögötte,26
működni,26
negyven,26
nemigen,26
nemsokára,26
netán,26
nyafogók,26
nyarán,26
növény,26
oktató,26
olimpiai,26
papír,26
pentium,26
problémája,26
párhuzamos,26
páros,26
regény,26
rendezvények,26
rendszerét,26
rendőrök,26
roppant,26
régebben,26
segítik,26
sur,26
szabályai,26
személyiség,26
szeretni,26
szerette,26
szerény,26
szolgálatot,26
szolgált,26
szolgáltatási,26
szomszéd,26
szándékosan,26
színek,26
színpadon,26
szükségünk,26
születik,26
szünet,26
teljesítményű,26
tengeri,26
tervezi,26
tevékenységének,26
tipikus,26
tudatosan,26
tudnám,26
tulajdonát,26
támad,26
támadó,26
ténylegesen,26
tért,26
tört,26
történetében,26
törölni,26
vad,26
vala,26
vehet,26
vizsgálatot,26
vol,26
voltál,26
vágott,26
végleg,26
véleményük,26
weboldal,26
zsuzsa,26
álom,26
éltek,26
építészeti,26
érkeztek,26
érni,26
írsz,26
őszintén,26
adható,25
adjuk,25
adtam,25
ahova,25
ajándék,25
athlon,25
bajom,25
ban,25
bejelentés,25
belőlük,25
beszélgetni,25
bevált,25
biblia,25
bérleti,25
csata,25
csináltam,25
csoportja,25
díjak,25
egyetértek,25
együttesen,25
ellenség,25
ellenőrizd,25
elmondani,25
elmélet,25
elvégezni,25
előttem,25
előtérbe,25
előírások,25
eme,25
emeleti,25
erőszak,25
esély,25
etnikai,25
fejlesztések,25
felvett,25
feszültség,25
filmeket,25
fogalom,25
fogyasztók,25
folyamatot,25
folyton,25
futott,25
fényes,25
függvényében,25
genetikai,25
gyakorolt,25
győztes,25
hatálya,25
hozzáférhető,25
házasság,25
idegenforgalmi,25
időpont,25
includes,25
ismer,25
jele,25
jelet,25
játékban,25
jönni,25
keresik,25
kereszténység,25
keret,25
kettőt,25
kezdete,25
kezdetét,25
kezdték,25
kialakítani,25
kábel,25
körbe,25
közönséget,25
küzdelem,25
labdát,25
legnépszerűbb,25
lemezen,25
matematikai,25
megakadályozza,25
megengedett,25
meghirdetett,25
megoldásokat,25
megtenni,25
megérkezett,25
mennyisége,25
mentes,25
mindketten,25
mindíg,25
minta,25
miép,25
munkában,25
munkáltató,25
mutatkozik,25
mágikus,25
máig,25
márton,25
másokkal,25
méltatlan,25
módszert,25
művészek,25
nemrégiben,25
netscape,25
nyertes,25
nyolcvanas,25
náluk,25
németország,25
néni,25
pedagógus,25
percre,25
pillanatra,25
ponton,25
publikus,25
respective,25
reális,25
rákóczi,25
sose,25
szabályait,25
szakértő,25
személyében,25
szerencsétlen,25
szerezte,25
szerződésben,25
szállítási,25
színe,25
szívvel,25
szórakoztató,25
szörnyű,25
sátánizmus,25
teheti,25
tehető,25
teljesíteni,25
teremtett,25
termelési,25
tessék,25
tudjon,25
tudósok,25
usb,25
utas,25
utasításokat,25
vehetnek,25
veszprém,25
viseli,25
viszony,25
vizuális,25
válaszol,25
változnak,25
végzik,25
állított,25
áru,25
életerő,25
értékelése,25
étterem,25
írjon,25
írások,25
útja,25
ügyek,25
adódik,24
adódó,24
akadt,24
akartak,24
alkalmazzák,24
amatőr,24
amellett,24
amelyekkel,24
analóg,24
azokban,24
baja,24
belülről,24
benneteket,24
beszámoló,24
bizottsági,24
boldogság,24
configuration,24
célokra,24
directory,24
egyből,24
egyenként,24
egyesek,24
egyforma,24
ellenőrzése,24
eltérően,24
elérése,24
emberrel,24
engedélye,24
enyhén,24
erdő,24
erőteljes,24
eseményeket,24
esztétikai,24
fejében,24
felvenni,24
figyelmen,24
filozófia,24
filozófiai,24
fogadni,24
formáját,24
fórumok,24
generációs,24
gondok,24
gondolt,24
gondosan,24
gyakorlatok,24
gyakrabban,24
gyerekeknek,24
gyártott,24
győzelem,24
hallott,24
hatodik,24
helyezkedik,24
helyről,24
honlapunk,24
hozzád,24
hulladék,24
háborús,24
idejében,24
igazságot,24
infrastruktúra,24
install,24
intézkedéseket,24
izraeli,24
jelentik,24
jobboldali,24
jutó,24
kamera,24
kampány,24
kaphat,24
keményen,24
keresem,24
kiépítése,24
komplett,24
kreatív,24
képviseli,24
képzésben,24
kérelem,24
kérelmet,24
kívánják,24
környező,24
közzétett,24
küld,24
különbségek,24
legközelebbi,24
legutolsó,24
legyek,24
lelke,24
levegőt,24
látunk,24
lét,24
léteznek,24
magányos,24
maradék,24
megjegyzést,24
menü,24
mindenekelőtt,24
minthogy,24
mode,24
mozi,24
munkavállalók,24
munkára,24
mértékét,24
módosítani,24
működés,24
nagymértékben,24
nevezték,24
nevére,24
noch,24
nyelvtani,24
nézd,24
növekedett,24
objektív,24
oldalain,24
output,24
passzív,24
percet,24
polgárok,24
problémákkal,24
próbálják,24
recommends,24
remény,24
rendelt,24
rendezik,24
rendszerbe,24
részeként,24
részre,24
soros,24
supports,24
suse,24
személyt,24
szokták,24
szolgáltatók,24
számolni,24
szélén,24
színésznő,24
szíve,24
sátánista,24
sértő,24
sűrű,24
tagjait,24
találat,24
találjuk,24
tegyük,24
telefonszámon,24
teljesítménye,24
telken,24
tervet,24
területre,24
tetszőleges,24
tisztelettel,24
tisztelt,24
tizenkét,24
tobb,24
tulajdonában,24
támogatni,24
térben,24
tölt,24
tölteni,24
történetet,24
történtek,24
ugyanez,24
ugyanezt,24
valamiért,24
vatera,24
veszek,24
veszély,24
vezetnek,24
vezeték,24
videó,24
vizsgálati,24
vizsgálja,24
válhat,24
vállalkozói,24
változásokat,24
végi,24
végét,24
zseniális,24
érdekelne,24
önt,24
ügyet,24
ügyfelek,24
ügyfél,24
üzemi,24
üzenetek,24
adj,23
adót,23
akarták,23
alatta,23
alkalmat,23
alkotások,23
amelyhez,23
amennyire,23
anyaga,23
asztal,23
automata,23
balogh,23
barokk,23
barátságos,23
bekezdésének,23
benyújtani,23
bölcs,23
családban,23
cserébe,23
csinálja,23
csoportban,23
csökkenteni,23
dolgozom,23
díja,23
dönteni,23
egyházak,23
elemeket,23
elit,23
elkészítése,23
ellenőrző,23
elnevezésű,23
előnyben,23
emailt,23
embere,23
emelte,23
ericsson,23
eszköze,23
eszközt,23
explorer,23
faluban,23
falusi,23
fegyelmi,23
fejezte,23
fejlesztését,23
felhasználónak,23
feljebb,23
felépítése,23
fennálló,23
festett,23
fiatalember,23
fizika,23
fogadott,23
forgó,23
formát,23
generálódott,23
gombot,23
hagy,23
hallgat,23
hangon,23
használatos,23
hatékonyabb,23
helyettes,23
helyzetű,23
hiány,23
horvát,23
hozzák,23
hálózaton,23
háromszor,23
hívták,23
hónapokban,23
időkben,23
időpontban,23
időtartama,23
informatika,23
irodai,23
irány,23
javítás,23
jelenthet,23
jelzett,23
jogait,23
játszódik,23
kaland,23
kapcsolatosan,23
kapok,23
kapu,23
karavánnak,23
karácsonyi,23
kategóriába,23
kedvezményes,23
keresnek,23
kifejezésére,23
koncepció,23
korlátlan,23
képesség,23
kétféle,23
kívánnak,23
kívülről,23
kötni,23
követve,23
küldte,23
különbözik,23
lapon,23
legyünk,23
londoni,23
lányt,23
láthatóan,23
láttuk,23
létszám,23
magán,23
magáról,23
megbeszéléseket,23
megkapta,23
megoldható,23
megtalálhatók,23
megteheti,23
megállapítani,23
menet,23
miatti,23
miert,23
milliós,23
mondván,23
munkájának,23
mutatni,23
másokat,23
nagyban,23
nos,23
németek,23
némileg,23
nézők,23
növelése,23
nőnek,23
októberében,23
projektek,23
próbáljuk,23
példányban,23
rendszerének,23
rovatunkban,23
réka,23
résztvevői,23
sebeztél,23
sikere,23
somogy,23
sora,23
sors,23
stílusban,23
szabályzat,23
szavakkal,23
szemében,23
szenved,23
szervezésében,23
szerzője,23
szintet,23
szubjektív,23
számítanak,23
számítani,23
szándékkal,23
szükségük,23
tanárral,23
tartalmáért,23
tedd,23
tegyen,23
tehetsz,23
telek,23
településen,23
televíziós,23
teremt,23
teremteni,23
tisztességes,23
titokzatos,23
trademarks,23
tudatában,23
tudtunk,23
turisztikai,23
támogatta,23
tán,23
társadalomban,23
tények,23
törekszik,23
ul,23
világbajnok,23
visszatér,23
vonatkoznak,23
vonzó,23
válaszokat,23
vállalkozók,23
vállalni,23
vállalta,23
változatlan,23
változatát,23
vártam,23
védelmet,23
zsigmond,23
állampolgárok,23
állapotú,23
általad,23
énekes,23
értettem,23
írják,23
ízben,23
örökké,23
ünnepélyes,23
adatvédelmi,22
adtál,22
alapokon,22
alkalmazását,22
anno,22
bajnokság,22
beruházási,22
beszéltem,22
bis,22
biztosítják,22
biztosítva,22
busz,22
bírja,22
csatlakozni,22
csillag,22
csökkentése,22
céget,22
darabig,22
dezső,22
diese,22
dieser,22
divat,22
dolognak,22
edzés,22
eldönteni,22
eleinte,22
elemei,22
elkezdett,22
elképzelni,22
ellenben,22
ellenzék,22
ellátása,22
ellátó,22
elnézést,22
elv,22
elvégzése,22
elérhetővé,22
előforduló,22
előkészítő,22
előrehaladást,22
előttünk,22
ensz,22
enyhe,22
eredménnyel,22
eötvös,22
fegyver,22
fejlesztésére,22
felhasznált,22
felhasználónk,22
felvétele,22
figyelem,22
fogad,22
fogyasztás,22
folytatása,22
félre,22
gazdálkodó,22
gondolják,22
gondolkodni,22
gondolsz,22
gyengébb,22
gyermekei,22
gyár,22
hacsak,22
hangok,22
hangos,22
használatának,22
használó,22
hatalmi,22
hatások,22
herceg,22
hosszan,22
hármas,22
hátul,22
hétfő,22
idáig,22
idézett,22
idézi,22
időjárás,22
időközben,22
igazat,22
igazolja,22
igyekezett,22
inkabb,22
integráció,22
interaktív,22
intézményben,22
ismerek,22
ismeretében,22
jegyet,22
jelentést,22
jeles,22
jelszó,22
járunk,22
kedvelt,22
kert,22
kerti,22
kevéssé,22
kiadások,22
kidolgozása,22
kilencvenes,22
korántsem,22
kutyák,22
kénytelenek,22
képessége,22
képező,22
képzést,22
kérdéses,22
kívánunk,22
költségeket,22
könyveket,22
könyvtári,22
következőket,22
közbeszerzési,22
közoktatási,22
központja,22
közvélemény,22
lakások,22
lakást,22
lakói,22
legtöbbet,22
lehetünk,22
lenyűgöző,22
letölteni,22
listán,22
láthatók,22
magatartás,22
masik,22
matematika,22
megjelenését,22
meglepetés,22
megszületett,22
megérteni,22
mennyiség,22
milliárd,22
mindaddig,22
mondok,22
munkájában,22
nevén,22
novell,22
nyer,22
névnapok,22
nézem,22
nézi,22
ou,22
packages,22
pas,22
perccel,22
potenciális,22
puha,22
regisztrálnod,22
rendez,22
rendezvényen,22
rosszat,22
részei,22
sajnálom,22
svájci,22
szelíd,22
szentlélek,22
szerencse,22
szerződések,22
színpadi,22
színpadra,22
színvonalas,22
szövege,22
születtek,22
talaj,22
tanulási,22
tanítás,22
tanító,22
tematikus,22
terheli,22
terhes,22
tudat,22
tudjátok,22
tudnék,22
tábla,22
táj,22
tízezer,22
tükrözi,22
utóbb,22
világhírű,22
világi,22
világra,22
vizsgát,22
vki,22
vor,22
vous,22
wenn,22
zajló,22
zárja,22
áldozat,22
álljon,22
élményt,22
élén,22
érdeke,22
értékesítési,22
érzed,22
évtized,22
ítélet,22
órában,22
órára,22
órával,22
óvatosan,22
összegét,22
útjára,22
alak,21
apache,21
arcát,21
azáltal,21
baba,21
banki,21
bartók,21
barátok,21
bemutatja,21
bátor,21
bővebben,21
csapatnak,21
csendben,21
csinos,21
csoportos,21
célból,21
célokat,21
dobozt,21
dolgoztak,21
drámai,21
díját,21
egesz,21
egészségi,21
elkerülése,21
elott,21
elteltével,21
előnyös,21
emeli,21
enged,21
erejéig,21
export,21
feladatait,21
felnőttek,21
fitness,21
formai,21
funkciók,21
funkciót,21
félek,21
fényt,21
fővárosban,21
gróf,21
hangját,21
harcos,21
használta,21
hegyek,21
helyszíni,21
het,21
hetet,21
hinni,21
háttérben,21
igyekeznek,21
indít,21
indítani,21
intézett,21
javasolja,21
jellege,21
játéka,21
jövedelem,21
kapcsolatokat,21
kedvezmény,21
keletkezik,21
kereslet,21
keresse,21
kezdődő,21
kezelhető,21
kialakítását,21
kifejezést,21
kifejlesztett,21
kormányt,21
kutyát,21
kávéra,21
képzelni,21
kérésére,21
készíti,21
kéz,21
kórházi,21
környezetet,21
kört,21
közalapítvány,21
közli,21
középiskolai,21
közúti,21
legutóbb,21
lehetsz,21
lukács,21
lába,21
lépjen,21
magasan,21
megjelentek,21
megszerzett,21
megszerzése,21
megállapította,21
megállapítása,21
mentünk,21
merült,21
mindazt,21
mindegyike,21
mindenképp,21
mindkettő,21
minősített,21
mon,21
mondanak,21
mondjam,21
mozgó,21
másoknak,21
másra,21
művet,21
nagyszabású,21
napról,21
nevelési,21
nevezi,21
nevezni,21
nyomokat,21
nyomás,21
népesség,21
növelni,21
oket,21
okot,21
oldalát,21
olvasd,21
olvasók,21
openbsd,21
papp,21
paradicsom,21
postscript,21
programming,21
pályázatokat,21
páratlan,21
párizsi,21
pénzért,21
rejlik,21
rendelkezett,21
rendet,21
rendőri,21
romák,21
részek,21
részleteket,21
solaris,21
sorok,21
specified,21
szemem,21
szerb,21
szerkezete,21
szerkezeti,21
szervez,21
szezon,21
sztem,21
százalékot,21
szépség,21
szívem,21
szíves,21
szóltak,21
súlyosan,21
tej,21
tervei,21
tervezési,21
titeket,21
tizenöt,21
tudást,21
tánc,21
távolság,21
többit,21
túlzott,21
unter,21
utasítás,21
vacsora,21
vallja,21
versenyzők,21
vidéken,21
viszonyítva,21
vágy,21
váltott,21
várta,21
végeztek,21
véres,21
westel,21
zavaró,21
ákos,21
állás,21
élve,21
élőben,21
építése,21
érezzük,21
érő,21
évekig,21
évtizedek,21
írom,21
írták,21
órák,21
örökre,21
összességében,21
újságíró,21
ügyekben,21
ünnep,21
őrült,21
adatlapjai,20
adódóan,20
alapot,20
alkalmi,20
alkatrészek,20
amennyi,20
amerika,20
amig,20
arc,20
asztalra,20
aznap,20
belépve,20
bemutatta,20
bevétel,20
beállítva,20
beérkezett,20
bort,20
bárhol,20
családja,20
csatában,20
csend,20
cucc,20
deák,20
distribution,20
dolgoztam,20
egyetemek,20
együttműködést,20
egér,20
elemzés,20
ellenkező,20
ellátására,20
elnökének,20
eltekintve,20
elvek,20
előzetesen,20
emlékeztet,20
engedélyezte,20
ered,20
eredményeképpen,20
erősítő,20
esztendő,20
fajok,20
fakadó,20
fejlesztői,20
fejlődési,20
felelte,20
feliratkozhat,20
finoman,20
folytat,20
forintra,20
forintért,20
forrásból,20
fotók,20
fér,20
garancia,20
grafikai,20
gyártás,20
gyártása,20
győzelmet,20
hajtott,20
halálra,20
hanghordozó,20
hangulatot,20
használhatók,20
hatalmat,20
határt,20
helyszín,20
hetedik,20
hirdet,20
hitel,20
hoznak,20
hozzájárul,20
humán,20
hála,20
hétvégi,20
hívni,20
hónapon,20
indulnak,20
intézkedés,20
ismerni,20
javaslom,20
jelentkezési,20
jelentkezését,20
jelentősebb,20
jellemzői,20
jogokkal,20
jóvá,20
kanadai,20
kerületben,20
kezdenek,20
kisebbségek,20
kiállításon,20
kliens,20
klinikai,20
konkrétan,20
kupa,20
kártyát,20
kérdeztem,20
későn,20
kínálja,20
költsége,20
könyvben,20
körét,20
köztársasági,20
különösebb,20
küzd,20
legelső,20
legsikeresebb,20
lejárt,20
levegőben,20
leírni,20
lovas,20
láthatatlan,20
lépnek,20
maximálisan,20
meddig,20
megbízott,20
megjelennek,20
megjeleníteni,20
megmarad,20
megtekinthető,20
megteremtése,20
megállapítható,20
mehet,20
melegek,20
mezőgazdaság,20
mik,20
moderálási,20
munkahelyi,20
munkavállaló,20
muszáj,20
mutatkozott,20
mutatták,20
mármint,20
mélyebb,20
mérési,20
méterre,20
módszertani,20
műsort,20
nagyrészt,20
nemzetiségi,20
nyelvek,20
nyerni,20
nyers,20
növekedést,20
objektum,20
okozza,20
okozó,20
olaj,20
oldaláról,20
painkiller,20
partnerek,20
pegasos,20
pilóta,20
pláne,20
pontokat,20
programját,20
pszichológiai,20
rendelkezések,20
rendezte,20
részleges,20
rólam,20
sebzést,20
segítenek,20
semmiképpen,20
sopron,20
stílusú,20
szabályozza,20
szavazott,20
szektor,20
szeptemberben,20
szeptemberében,20
szervezetet,20
szintje,20
sztár,20
száll,20
szállás,20
számla,20
számmal,20
számol,20
szándék,20
színben,20
szükségesnek,20
sátán,20
tanít,20
tapasztalattal,20
tartalmú,20
technológiát,20
templomban,20
templomot,20
tervezése,20
területére,20
teste,20
teszünk,20
teára,20
thu,20
tiltott,20
titok,20
titokban,20
tonna,20
tudtok,20
tue,20
turizmus,20
táján,20
tájékoztatás,20
téri,20
történetének,20
usd,20
vak,20
versenyek,20
verzióját,20
vicces,20
vilmos,20
világbajnoki,20
visz,20
viták,20
vizsgálni,20
vodafone,20
válság,20
változatban,20
váratlan,20
végképp,20
vízbe,20
wed,20
államtitkára,20
állapítja,20
állomás,20
általánosan,20
árán,20
életpont,20
épületben,20
épületet,20
érett,20
érintettek,20
érted,20
étel,20
évében,20
ökológiai,20
örömet,20
összegű,20
ötletet,20
újdonság,20
ősz,20
őszén,20
ablakban,19
agy,19
ahelyett,19
alkotja,19
alkotják,19
alul,19
amelyről,19
amitől,19
annyiban,19
anyagát,19
aranyos,19
azelőtt,19
bejelentése,19
bolygó,19
budai,19
budapestre,19
büntetés,19
ce,19
ciklus,19
csakúgy,19
csatlakozik,19
csomagot,19
célba,19
debrecenben,19
doktor,19
dániel,19
délutáni,19
dénes,19
döntöttek,19
döntöttem,19
eggyel,19
egri,19
egyformán,19
egységet,19
egészségügy,19
eladni,19
elfogadása,19
elhelyezni,19
elindul,19
eljárási,19
elkészített,19
ellenséges,19
elve,19
elvi,19
előadásokat,19
eredményez,19
erőszakos,19
erősíti,19
esetre,19
eszter,19
esztergom,19
ezelőtti,19
ezert,19
feat,19
fedett,19
fejezetben,19
fejjel,19
fejlődött,19
feladatai,19
felhasználás,19
felhívás,19
feltételeinek,19
feltételekkel,19
fennáll,19
finanszírozási,19
fizetendő,19
fogalmak,19
fogalmát,19
fokú,19
forradalmi,19
frissítés,19
fájdalmas,19
fürdőszoba,19
főre,19
gondoljuk,19
gyere,19
gyógyszer,19
gyógyszerek,19
gyógyító,19
győr,19
hajnalban,19
hardver,19
használatára,19
hatvanas,19
hegy,19
hetvenes,19
hibákat,19
hir,19
hossza,19
hozzáférési,19
hozzászólásban,19
háza,19
hírközlési,19
hívő,19
idejű,19
igazgatóság,19
igényeinek,19
igényeit,19
ildikó,19
implementation,19
int,19
interjú,19
irtam,19
irányítja,19
irányítása,19
ismeretes,19
ismertette,19
ismételten,19
iszlám,19
itteni,19
javaslatokat,19
jegyző,19
jelenetek,19
jelenléte,19
jelentőségét,19
jelleggel,19
juhász,19
járművek,19
játszottak,19
jóvoltából,19
jöjjön,19
kapják,19
kedd,19
kedvezőbb,19
keresztények,19
kiadni,19
kialakítására,19
kielégítő,19
kiemelten,19
kifelé,19
kipróbálni,19
kollégiumi,19
kompatibilis,19
konferenciát,19
kormányfő,19
korú,19
kritika,19
képernyőn,19
kérdezi,19
kórházba,19
kórházban,19
költői,19
könyvtárak,19
környéken,19
köszönet,19
követik,19
közelben,19
közismert,19
küldéséhez,19
lapos,19
legrosszabb,19
listáját,19
listára,19
lusta,19
láb,19
lágy,19
látnak,19
látsz,19
létezett,19
létrehozását,19
madár,19
magyarázat,19
megvolt,19
mellesleg,19
merül,19
mese,19
micsoda,19
midőn,19
mindennek,19
minőségben,19
mitől,19
mióta,19
mondd,19
mondod,19
morális,19
motorral,19
multimédiás,19
módosítás,19
módszerekkel,19
műfaj,19
nagysága,19
napokon,19
negyed,19
nyilvántartásba,19
nyugdíjas,19
nyíltan,19
nyújtotta,19
oct,19
okai,19
oktatásban,19
oldalas,19
papok,19
piszkos,19
pohár,19
ponttal,19
professzionális,19
próba,19
próbálta,19
pályát,19
rajongók,19
remekül,19
remélhetőleg,19
rendre,19
rendszeren,19
régióban,19
részvételével,19
sein,19
statisztika,19
su,19
szabályozott,19
szabályozási,19
szegeden,19
szellemében,19
szemlélet,19
szerda,19
szerelt,19
szerkesztő,19
szivesen,19
szombati,19
szorongás,19
szorul,19
szállítás,19
számokat,19
szóvivője,19
sör,19
súlya,19
tagság,19
talan,19
találnak,19
tanultam,19
tapasztalatai,19
tartalommal,19
tekintik,19
telepített,19
telik,19
tenyleg,19
teológiai,19
testet,19
tesztet,19
tevékenységi,19
tiszteletére,19
tragikus,19
tudomást,19
támadástól,19
támogatással,19
társasági,19
társaságában,19
többségi,19
többségében,19
tükör,19
tünetek,19
vagyoni,19
valóságban,19
vehetik,19
vesztesz,19
veszélyt,19
vet,19
vezetékes,19
világba,19
világnak,19
világát,19
viselő,19
vom,19
vonja,19
válni,19
változatlanul,19
váló,19
váratlanul,19
vármegye,19
védi,19
végrehajtani,19
végrehajtása,19
vízi,19
zsűri,19
zárva,19
állampolgár,19
állapotát,19
állati,19
állatokat,19
állok,19
árat,19
érkeznek,19
érzett,19
írnak,19
írók,19
óriás,19
ügyes,19
adag,18
adatokkal,18
adsl,18
ajánlatok,18
alakultak,18
alapjait,18
alaplap,18
alapok,18
alle,18
alszik,18
angliában,18
apám,18
ausztrál,18
autóval,18
bankok,18
beavatkozás,18
bejött,18
beszélgettünk,18
beszéltünk,18
bevezető,18
bevonásával,18
bibliai,18
bizonyítani,18
bizottsága,18
biztosítanak,18
béta,18
bővebb,18
bűnös,18
cikkben,18
citations,18
csere,18
csökkenése,18
cultural,18
céljára,18
célzó,18
dalok,18
desktop,18
devel,18
disk,18
dokumentumokat,18
drágább,18
döntését,18
eljárásban,18
elkövetkező,18
elküldött,18
ellátni,18
ellátást,18
elnöki,18
elsőre,18
elvégzett,18
elérhetők,18
előadó,18
előkészítése,18
emberre,18
emelni,18
említettem,18
erdei,18
ernő,18
eszik,18
esztergomi,18
esélyt,18
ezekből,18
ezenkívül,18
fax,18
fegyverek,18
fejem,18
fejleszteni,18
fejlődik,18
fejlődésének,18
felelt,18
felhasználási,18
feltehetően,18
feltéve,18
felvételt,18
felügyelő,18
fenntartjuk,18
fenntartása,18
fiai,18
fogadták,18
fogyasztó,18
fogyatékos,18
fotó,18
fri,18
fájlt,18
férj,18
függő,18
gnome,18
gondoskodni,18
gyakorlatot,18
gyártási,18
gyülekezet,18
hagyom,18
hallható,18
harcot,18
hatott,18
hatásos,18
hazafelé,18
helyezni,18
helyezte,18
hihetetlenül,18
hirdetések,18
hiányzó,18
hozzájárulás,18
hétre,18
hírlap,18
hírű,18
hónapra,18
időszakában,18
időszámítás,18
igényeket,18
ilona,18
indiai,18
indultak,18
institutions,18
irányul,18
jelenségek,18
jogosultak,18
jogszabályban,18
journal,18
jr,18
kari,18
kedvezőtlen,18
keletkező,18
kenyér,18
keveredik,18
kezdeményezés,18
kezdetén,18
kezelt,18
kialakulása,18
kimondottan,18
kiterjedő,18
kiállítást,18
kiírt,18
koncertet,18
konzervatív,18
kényelmesen,18
kérdezni,18
kérdései,18
kérünk,18
készüléket,18
kétségtelenül,18
kínált,18
kívánatos,18
kívánjuk,18
kódot,18
költözött,18
környék,18
köti,18
követett,18
közre,18
közölni,18
kő,18
lakásban,18
lakó,18
legkevésbé,18
levele,18
linket,18
lényegét,18
madarak,18
mag,18
magyarázatot,18
margit,18
megerősítette,18
megismerni,18
megjelenni,18
megkapja,18
megkezdődött,18
megmondani,18
megoldására,18
megvannak,18
mehr,18
mellékelt,18
menedzsment,18
miniszterelnöki,18
miskolc,18
misztikus,18
modellt,18
modem,18
mondanom,18
motoros,18
munkába,18
má,18
mágneses,18
márka,18
máté,18
méret,18
mérleg,18
mész,18
művei,18
nagyságú,18
neved,18
novemberben,18
nulla,18
nyilatkozat,18
nyilatkozatot,18
néhányan,18
népe,18
népszabadság,18
nézte,18
növényi,18
oldani,18
olvasom,18
oroszország,18
próbált,18
püspöki,18
radikális,18
rangot,18
rangú,18
reform,18
regisztrációs,18
rejlő,18
relatív,18
rendezi,18
rendszereket,18
rendszerű,18
rájöttem,18
sa,18
segítsen,18
segítségét,18
semmire,18
sorba,18
sorozatban,18
sorozatot,18
sorsát,18
szabadalmi,18
szabadságot,18
szabolcs,18
szakon,18
szakos,18
szava,18
szer,18
szerinted,18
szervezete,18
szervezése,18
szervező,18
szimpatikus,18
szo,18
szolgálnak,18
szolgálni,18
szál,18
szállt,18
számodra,18
szándéka,18
színt,18
szórakozást,18
szükségem,18
szükségesek,18
szülői,18
találod,18
tanul,18
tanulmányait,18
tanév,18
tartósan,18
tavasz,18
tavaszán,18
telefont,18
tennie,18
területeket,18
topicot,18
tudományegyetem,18
tulajdonosok,18
táblázatban,18
támadt,18
támogatják,18
tárgyakat,18
tárgyalt,18
tárgyat,18
tárolt,18
témaváltás,18
témájú,18
térségben,18
tétele,18
túlmenően,18
tőled,18
ungarn,18
urat,18
utcára,18
utólagos,18
varázslat,18
vasárnapi,18
veletek,18
versek,18
vidék,18
vizes,18
vonat,18
várok,18
városa,18
városba,18
vásárlás,18
védelmét,18
állították,18
ártatlan,18
áruk,18
életmód,18
ének,18
érdekek,18
érnek,18
értik,18
étrend,18
évfolyam,18
ítélte,18
órákban,18
önként,18
önmaga,18
összefoglaló,18
ügyvéd,18
üzemelteti,18
üzemeltető,18
ablakon,17
addigra,17
adminisztrátort,17
adom,17
adva,17
afrikai,17
akikkel,17
aktívan,17
akármilyen,17
alakítja,17
alapelveinket,17
alapjai,17
alábbiak,17
ama,17
amelyekre,17
amerikaiak,17
ausztria,17
autós,17
avatar,17
avec,17
barlang,17
barátai,17
belépéshez,17
benned,17
berkoff,17
betöltött,17
bevételek,17
biztosította,17
biztosítunk,17
bécsben,17
bővítése,17
co,17
csaj,17
csinálnak,17
csoportokat,17
csütörtök,17
célját,17
címeket,17
dalt,17
darabja,17
divatos,17
dizájnváltás,17
dob,17
dokumentáció,17
dolgozunk,17
dátum,17
edző,17
egybe,17
egyedüli,17
egyensúly,17
együttműködve,17
egészben,17
egészség,17
eines,17
eleje,17
elejétől,17
elfogadják,17
elismerést,17
elképzelés,17
ellenőrzési,17
elmarad,17
elmenni,17
eltér,17
előnyt,17
emlegetett,17
említette,17
eseményt,17
extrák,17
feature,17
fejlesztett,17
feleslegesen,17
feleségem,17
fellépő,17
feltétlen,17
fenntartható,17
fentebb,17
fentiek,17
filmes,17
fizetés,17
fogadják,17
foglalkozás,17
fogni,17
fogott,17
fogta,17
forgalomban,17
franciaország,17
franciák,17
frissül,17
futni,17
fát,17
félnek,17
félévben,17
fűződő,17
győzött,17
gyűjtemény,17
gyűjteménye,17
gólt,17
hagyják,17
hajnali,17
hangulatos,17
hangulatú,17
használatra,17
használom,17
határozzák,17
hatáskörébe,17
helyezték,17
helytelen,17
hibája,17
hiszek,17
hitelt,17
hitte,17
hiányzott,17
holnapi,17
honlapunkon,17
hozhat,17
hozzájárult,17
háttérbe,17
hátán,17
hívott,17
hű,17
időpontját,17
időszakra,17
igazolni,17
ilyesmit,17
import,17
infláció,17
információkkal,17
input,17
integrációs,17
iratok,17
irányt,17
ismertem,17
ismertetése,17
ismerték,17
ismételt,17
istenek,17
javasolta,17
jelentettek,17
jelentkezni,17
jelöli,17
jogszabályi,17
játékkal,17
józan,17
jövőt,17
kapcsolataink,17
kapták,17
kazetta,17
kedvence,17
kellően,17
kenyeret,17
kereszt,17
keretein,17
kerültem,17
kezelési,17
kezelő,17
kiadásában,17
királya,17
kiterjed,17
kivételes,17
kormánynak,17
kurzus,17
képernyő,17
képességek,17
képi,17
képét,17
kérdését,17
kértem,17
készítő,17
kínálnak,17
kísérletek,17
könyvében,17
körébe,17
köszönjük,17
követelményeket,17
közgazdasági,17
közigazgatás,17
közéleti,17
közönséges,17
küldj,17
küldje,17
labda,17
laza,17
legtöbben,17
lejjebb,17
lemezek,17
lent,17
letöltés,17
lezajlott,17
leány,17
libraries,17
libstdc,17
láttak,17
lóerős,17
magyarországot,17
magyarázza,17
medence,17
meghal,17
meghívott,17
megismerése,17
megjegyzés,17
megkérdezte,17
megmutatja,17
megtartott,17
megtudni,17
megvalósítására,17
megváltozik,17
melyből,17
menti,17
meteorológiai,17
miben,17
mindenkor,17
mindvégig,17
miniszteri,17
mobiltelefon,17
mondatot,17
mondhatjuk,17
msgid,17
munkaerő,17
munkához,17
másutt,17
méretben,17
módot,17
módszereket,17
nagyra,17
nedves,17
nehézségek,17
nemhogy,17
nevezetesen,17
nevezhető,17
nukleáris,17
nyomtató,17
néznek,17
nézték,17
olcsón,17
olyannyira,17
olyanokat,17
op,17
pesten,17
pillanatnyilag,17
problémái,17
pályázók,17
példája,17
rendeletben,17
rendelkezései,17
rovat,17
ruha,17
részesült,17
rövidesen,17
soproni,17
spontán,17
supported,17
szakszervezeti,17
szavai,17
szavait,17
szemet,17
szenvedő,17
szerverek,17
szféra,17
szolgálják,17
számoltak,17
számítógépet,17
széleskörű,17
szélsőséges,17
szövegeket,17
szülei,17
találkozni,17
találom,17
tantárgyak,17
tanulói,17
tanára,17
tapasztalati,17
tapasztalatokat,17
tapasztaltam,17
tartottam,17
tartása,17
technikák,17
telefonos,17
teremben,17
termelő,17
területét,17
testvér,17
testvérek,17
tetejére,17
tudjanak,17
tulajdonságai,17
tájékoztatta,17
társai,17
tél,17
tényt,17
téves,17
tüzet,17
uns,17
urak,17
utalt,17
utazó,17
vedd,17
vegyen,17
versenyben,17
versenyre,17
verziót,17
vettük,17
vezethet,17
vitt,17
vitték,17
vágya,17
vágyik,17
választják,17
vártak,17
váró,17
védjegy,17
zavarja,17
zárta,17
záró,17
álláspontja,17
ápv,17
átvett,17
életemben,17
életük,17
életüket,17
élénk,17
épít,17
érdeklődőket,17
érik,17
értelem,17
értelmetlen,17
értelmezése,17
érvényesül,17
ördög,17
ötlete,17
ötleteket,17
újságírók,17
útnak,17
ütemben,17
üzem,17
üzembe,17
adatlap,16
adobe,16
aerobik,16
agresszív,16
ajánlatkérő,16
ajánlunk,16
alkalmaz,16
alkalmazási,16
alkot,16
amibe,16
amolyan,16
animációs,16
anyagból,16
anyám,16
autópálya,16
azokon,16
azokról,16
banda,16
befejezése,16
befektetők,16
befolyásoló,16
bejelentett,16
bejön,16
beszélget,16
beszélhetünk,16
bevezetését,16
boldogan,16
csakhogy,16
családot,16
cserélni,16
dec,16
decemberében,16
dfmaxx,16
dj,16
dokumentumot,16
dologban,16
dologra,16
dos,16
dönti,16
ebéd,16
ede,16
egyenlőre,16
egyesülete,16
egyetért,16
egyiket,16
eljött,16
elkezdtem,16
elkezdődött,16
elképesztő,16
ellenőrizni,16
ellenőrzi,16
elmondja,16
elnevezés,16
elnyerte,16
elutasítja,16
elénk,16
elöl,16
emlékek,16
erdőben,16
eredményesen,16
erőforrások,16
esedékes,16
esetet,16
esztendőben,16
ezekhez,16
falak,16
falat,16
fast,16
fegyvert,16
fejezi,16
feladatát,16
felkészülés,16
felmérése,16
felszínre,16
feltehetőleg,16
feltüntetett,16
felügyelet,16
fenyegető,16
fiatalokat,16
foci,16
fodor,16
foglalkoztatási,16
foglalkozunk,16
fokon,16
folynak,16
fontosak,16
fontosságát,16
fordulnak,16
forrásokat,16
fotókat,16
funkcionális,16
fájlok,16
félelmetes,16
fürdő,16
főt,16
gazdálkodás,16
gibt,16
gondolatot,16
gondos,16
gyakorló,16
gyanús,16
hagyományosan,16
hagytam,16
hajú,16
hallom,16
hallotta,16
halált,16
hangosan,16
használhatja,16
hatalma,16
határok,16
határoz,16
helyzetének,16
hiszik,16
hivatali,16
hivatkozott,16
hiányos,16
hordozható,16
hozzáférés,16
hozzáférést,16
hozzátette,16
háborút,16
hálózatot,16
hányszor,16
hónapok,16
hónapot,16
hűvös,16
igényelt,16
ingatlanok,16
interjút,16
intézményekben,16
irodák,16
iskolákban,16
ismerteti,16
istennel,16
javasoljuk,16
jellemezte,16
jelző,16
jelölte,16
jobbak,16
jobbat,16
juthatnak,16
jézust,16
jövök,16
jövője,16
kereskedő,16
kereste,16
keretei,16
keskeny,16
kiadványok,16
kicsiny,16
kihívás,16
kiindulva,16
kilométer,16
kisebbség,16
kiszolgáló,16
kiváncsi,16
kiállított,16
kiállítása,16
korosztály,16
kritikusok,16
kutatói,16
képre,16
kérdéseit,16
kérdésére,16
készek,16
készítenek,16
készítettek,16
kína,16
kísérletet,16
kívánta,16
kölcsön,16
könyvtárban,16
körülötte,16
kötelesek,16
kötelessége,16
kötelezettségek,16
kötelezettséget,16
követelmény,16
következményei,16
központjában,16
közösségben,16
közösséget,16
küldi,16
laci,16
legegyszerűbb,16
legjobbak,16
lejár,16
lelkek,16
lelkész,16
lelkét,16
lengyelország,16
levelében,16
leírások,16
láthatunk,16
látva,16
léptek,16
létszáma,16
magukkal,16
magunknak,16
maradandó,16
maradhat,16
meccset,16
megalakult,16
megindult,16
megkezdett,16
megpróbálja,16
megszerezni,16
megtekintése,16
megvalósítását,16
megváltoztatni,16
megállt,16
megítélése,16
menjünk,16
mentális,16
mező,16
miket,16
milliárdos,16
minap,16
mindhárom,16
minority,16
minőségét,16
mondjak,16
munkahely,16
munkanélküliség,16
munkatársak,16
munkavégzés,16
mágia,16
márta,16
másképpen,16
másodlagos,16
másodszor,16
mással,16
mérhető,16
mérkőzést,16
módosíthatja,16
műsorok,16
műtét,16
nagyok,16
negyedévben,16
nevelő,16
nevéhez,16
nyelve,16
nyertek,16
nyit,16
nyitni,16
nyolcadik,16
nyújtja,16
népet,16
növekedési,16
oktatást,16
okát,16
oldalakat,16
oldalára,16
olvashatók,16
opció,16
os,16
osztályok,16
otp,16
ottó,16
papi,16
pillanatok,16
polgár,16
polgármestere,16
problémám,16
processes,16
programme,16
pályázaton,16
párbeszéd,16
párizsban,16
példány,16
pénteki,16
rajtunk,16
rendbe,16
rendezni,16
rendszernek,16
rendőrségi,16
romániai,16
ruhát,16
sajat,16
sajtóban,16
sebessége,16
segítünk,16
sistema,16
sont,16
szabályos,16
szakaszában,16
szakmailag,16
szal,16
szegények,16
szelleme,16
szenvedés,16
szerető,16
szerez,16
szerte,16
szobák,16
szuper,16
szállító,16
számlát,16
számviteli,16
színészek,16
szólj,16
szóljon,16
szűkebb,16
sört,16
sűrűn,16
találkoztunk,16
találkozón,16
tananyag,16
tanácsadás,16
tanévben,16
tanítási,16
tapasztalata,16
technológiával,16
tehetnek,16
tekintjük,16
teljesítette,16
teljesíti,16
terhére,16
terjedt,16
terve,16
tervezik,16
torony,16
tulajdonságok,16
tájékoztatni,16
támogatásra,16
tárgyalás,16
témáról,16
témával,16
többszöri,16
tönkre,16
törekvés,16
túlnyomó,16
túra,16
tükrében,16
ukrán,16
utakon,16
utaló,16
valósul,16
vegyük,16
veszélye,16
veszünk,16
veti,16
vevők,16
vezérigazgatója,16
virág,16
visszatérő,16
válaszolta,16
válogatás,16
váltani,16
változása,16
váltó,16
vásárlók,16
védő,16
végeznek,16
vért,16
war,16
webes,16
yahoo,16
zala,16
zavart,16
zenés,16
zsuzsanna,16
zár,16
ágazat,16
ágy,16
államilag,16
állapotot,16
állott,16
állítása,16
átmérőjű,16
éli,16
élére,16
énekesnő,16
érdemel,16
érint,16
érsek,16
értelmiségi,16
értelmét,16
értékeli,16
ész,16
évezred,16
évről,16
évtizedes,16
írtál,16
írása,16
ítélt,16
örömére,16
összeállított,16
úgysem,16
ülést,16
őrzi,16
ablakok,15
ablakot,15
admin,15
ajánlati,15
akarat,15
akciók,15
alakulnak,15
alakítani,15
alapjául,15
alkalmazásának,15
alkohol,15
alkotnak,15
alkotta,15
amelyeken,15
amiatt,15
an,15
anyagiak,15
apeh,15
aranyat,15
arányos,15
automatically,15
befolyásolják,15
beszerezni,15
beszámolót,15
beszélik,15
beszélő,15
bevezetett,15
bizalom,15
boltban,15
bonyolultabb,15
buda,15
buta,15
bíboros,15
bírói,15
bízott,15
bő,15
bűncselekmény,15
cikke,15
cikkeket,15
civilizáció,15
cseréje,15
cége,15
cégnek,15
dann,15
defined,15
diplomát,15
dolgozat,15
dolguk,15
dán,15
döntéseket,15
döntési,15
een,15
efféle,15
eger,15
egyidőben,15
egyiptomi,15
eladási,15
elektronikai,15
elemet,15
elhanyagolt,15
elhelyezése,15
elismerte,15
eljön,15
elkerülhetetlen,15
elkezd,15
eltűnik,15
elvesztette,15
eléréséhez,15
előadók,15
előállított,15
erdély,15
erotikus,15
eszközei,15
feldolgozás,15
felelőssége,15
felhívja,15
felhívni,15
felszíni,15
felsőoktatás,15
feltételeknek,15
felvételek,15
felújítása,15
felügyeleti,15
felületet,15
fenek,15
fenntartja,15
festő,15
figura,15
figyel,15
figyelmébe,15
fizetnek,15
fiát,15
fiút,15
fogadó,15
fokos,15
folyamata,15
folyamatokat,15
folytatás,15
fordulóban,15
forgalma,15
forgalmat,15
forrást,15
fura,15
fém,15
fényében,15
fölösleges,15
fölötti,15
függvény,15
függőleges,15
garanciát,15
gazda,15
generáció,15
gombbal,15
gondolata,15
gondolkodik,15
grafika,15
gumi,15
gyakorlattal,15
gyógyítás,15
gépeket,15
habár,15
hagyományok,15
hajdani,15
hajtja,15
haladja,15
haladt,15
haladva,15
halkan,15
hangulata,15
hangulatát,15
használtak,15
használva,15
határozata,15
ható,15
hegyi,15
hehehmn,15
hetekben,15
hirdeti,15
homoszexuális,15
hozzászóláshoz,15
háztartási,15
híre,15
hívnak,15
hölgyek,15
hülyeség,15
idejére,15
időpontjában,15
időzóna,15
igazoló,15
igyekszünk,15
immáron,15
incs,15
indokolja,15
indulás,15
indította,15
inni,15
installed,15
irak,15
irányított,15
ismertté,15
japánban,15
javaslata,15
javaslatok,15
jelenlétében,15
jelentkezés,15
jellegét,15
jelszóval,15
jogviszony,15
jutottam,15
jutunk,15
jóllehet,15
kapcsolni,15
kaphatnak,15
karakterek,15
kedvezményt,15
keltett,15
kertben,15
kerülne,15
kezdik,15
kezelését,15
kezet,15
kialakulásának,15
kialakulását,15
kialakuló,15
kifejtette,15
kijelző,15
kisfiú,15
kivel,15
kiválasztása,15
kocsit,15
korona,15
kozott,15
kritikai,15
kulcs,15
kuratórium,15
kádár,15
képei,15
kérdésekkel,15
készlet,15
készítője,15
kíséri,15
kíváncsiak,15
kódokat,15
körök,15
kötelezően,15
kötve,15
közvetett,15
külföldre,15
különálló,15
külügyminiszter,15
lakók,15
languages,15
lapra,15
legerősebb,15
leggyorsabb,15
legizgalmasabb,15
legkülönbözőbb,15
legyél,15
lehetőségük,15
lejátszó,15
lelket,15
lerakót,15
liszt,15
logikus,15
logisztikai,15
logo,15
látogat,15
látogatás,15
légi,15
magánszemély,15
megadása,15
megalapozott,15
megfelelnek,15
megfigyelhető,15
megnövekedett,15
megrendelő,15
megújult,15
melyekkel,15
mennyei,15
mennyivel,15
menő,15
merev,15
messzire,15
mindezek,15
minőséget,15
moderátori,15
mol,15
mostmár,15
motorola,15
munkanélküli,15
májusban,15
mátrix,15
mélyén,15
mérkőzésen,15
módosítását,15
művelt,15
napirendi,15
nelkul,15
nemzetek,15
netbsd,15
nevével,15
nov,15
nyelvvizsga,15
nyitotta,15
nyomorult,15
nőket,15
nőknek,15
odáig,15
oktatók,15
októberben,15
okán,15
oldaladra,15
országnak,15
országában,15
osztályban,15
osztályú,15
parti,15
piacot,15
piacán,15
pillanatnyi,15
powered,15
praktikus,15
prof,15
projects,15
pápai,15
pénze,15
racionális,15
ragyogó,15
rajtad,15
regisztrációt,15
regisztrálja,15
reméljük,15
rendelkeznie,15
rendje,15
reneszánsz,15
románia,15
régiók,15
részeket,15
rögzíteni,15
scsi,15
segítette,15
segítségére,15
sowie,15
sportos,15
standards,15
struktúra,15
szabadságharc,15
szabványos,15
szabályozó,15
szakadt,15
szakszerű,15
szavazatok,15
szegénység,15
személynek,15
szep,15
szerdai,15
szeretjük,15
szerkeszteni,15
szerkesztette,15
szobor,15
szobába,15
szolgáltatása,15
szolnok,15
számíthat,15
számítógéppel,15
származnak,15
százalékra,15
székely,15
székhelyű,15
szívében,15
szókincs,15
szórakozás,15
sárkány,15
tagjaként,15
tagjának,15
takács,15
találkozhatunk,15
tanított,15
tapasztalatait,15
tartalmaznia,15
tehetik,15
tekint,15
telepítés,15
teljesített,15
teljesítményét,15
terhesség,15
teszek,15
tesztek,15
tetszenek,15
tisztelet,15
titka,15
tucat,15
tudnánk,15
tudó,15
tulajdon,15
tulajdonosi,15
tulajdonsága,15
tulajdonú,15
tágas,15
támogatásban,15
társa,15
társas,15
távozott,15
témától,15
térbeli,15
tévé,15
típusok,15
tömeges,15
törlése,15
törpe,15
történetek,15
törvényjavaslat,15
udvar,15
udvari,15
ugyanabban,15
ugyanígy,15
ujra,15
url,15
utazik,15
valószínűséggel,15
verset,15
veszed,15
vetette,15
világába,15
viszik,15
viszonya,15
vitatkozni,15
vonalon,15
vonni,15
válaszoltak,15
választod,15
választása,15
vállalkozási,15
változatot,15
városában,15
védelmére,15
végbe,15
végülis,15
vélik,15
vélt,15
vélte,15
vízszintes,15
ábrán,15
államigazgatási,15
állva,15
állítás,15
ázsiai,15
égi,15
élen,15
életünket,15
építettek,15
érdekelnek,15
érez,15
értesítést,15
érthetetlen,15
értékesítés,15
érvényben,15
észrevételeit,15
ételek,15
étkezési,15
évfordulója,15
évtizedben,15
évtizede,15
összekötő,15
ötvenes,15
ügye,15
őrmező,15
adatainak,14
adatbázisban,14
additional,14
adminisztratív,14
ady,14
ajtón,14
ajánlja,14
akarata,14
alakulása,14
alkalmaznak,14
alkalmazottak,14
alkalmazza,14
alkotni,14
alább,14
aláírt,14
ameddig,14
amióta,14
apr,14
asszonyok,14
aug,14
baranya,14
barátság,14
belga,14
belépett,14
belépő,14
benedek,14
beszédet,14
beállítani,14
bizottságok,14
biztonságban,14
bolt,14
bá,14
bárminemű,14
békét,14
como,14
copyrights,14
corporation,14
cpu,14
csatornák,14
csillogó,14
csinálják,14
csinálok,14
csinálta,14
csongrád,14
csökkenő,14
csúcs,14
cégnél,14
célul,14
célunk,14
diesem,14
disztro,14
dok,14
dolgokra,14
dolgokról,14
délre,14
díszes,14
egyenletes,14
egyikük,14
egymillió,14
egyszersmind,14
együttese,14
eladott,14
elavult,14
elejére,14
elemeit,14
elképzelések,14
ellenállás,14
elmegyek,14
elmondható,14
elméletileg,14
elnökét,14
elött,14
előadása,14
előfordult,14
előnyei,14
elősegítése,14
emberben,14
emlékszik,14
engedéllyel,14
erőforrás,14
eseménye,14
eszközzel,14
ezekről,14
fakad,14
fejedelem,14
fejléc,14
fejléceit,14
fejlődést,14
fejére,14
felelni,14
feleség,14
feleségét,14
felhasználásuk,14
felhasználót,14
felhívta,14
feltett,14
felvilágosítást,14
felügyelete,14
fene,14
finanszírozott,14
fizikailag,14
fogyasztása,14
folytató,14
fontosságú,14
for,14
fordulat,14
forduljon,14
fordítása,14
forintba,14
formátum,14
funkciója,14
futás,14
fájdalmat,14
fájlokat,14
féléves,14
főnök,14
fűződik,14
gyak,14
gyakorlata,14
gáspár,14
gépi,14
hagyták,14
haladéktalanul,14
halak,14
halálát,14
hanggal,14
hangsúlyozza,14
használd,14
használtam,14
használunk,14
helyenként,14
helyzetéről,14
heves,14
hier,14
hitet,14
hollywoodi,14
hozzájárulása,14
háta,14
hírei,14
hívei,14
hús,14
húst,14
húzni,14
hűséges,14
ido,14
idézet,14
ifjúság,14
igazolt,14
igyekszem,14
igényli,14
ihre,14
ilyeneket,14
imagekhez,14
információért,14
installation,14
irodában,14
irányadó,14
isdn,14
ismertek,14
ismertetett,14
ital,14
januárban,14
javult,14
javítását,14
jegyek,14
jelentették,14
jelentkeznek,14
jellemzője,14
jelszavát,14
jelzik,14
jelöltek,14
jogvédelem,14
juthat,14
játssza,14
jóváhagyott,14
jöhetett,14
jönne,14
jövőbeli,14
jövőbeni,14
kapcsolatát,14
kapcsolva,14
kapcsolódnak,14
kapjon,14
karácsony,14
kastély,14
katasztrófa,14
kedvencem,14
kel,14
kellenek,14
kene,14
keressük,14
kerestem,14
kertész,14
kezelést,14
kiadását,14
kiegészítve,14
kihasználva,14
kiinduló,14
kilométerre,14
királynő,14
kiterjedt,14
kitöltve,14
kitűzött,14
kiválasztani,14
kizárt,14
kollokvium,14
koncerten,14
korig,14
kártyák,14
képvisel,14
kérdéssel,14
kérik,14
kérnek,14
kérték,14
kétségbe,14
kézben,14
kívánom,14
kölcsönösen,14
költségei,14
könyvét,14
környezetbarát,14
körökben,14
körülmény,14
követhető,14
következtetésre,14
kövér,14
közalkalmazotti,14
közelébe,14
közepe,14
középen,14
középkorban,14
középpontjában,14
közérdekű,14
küldjük,14
küldöm,14
laboratóriumi,14
lakos,14
lapban,14
lapunknak,14
legalacsonyabb,14
legenda,14
legnehezebb,14
legyőzte,14
lelkem,14
leszámítva,14
letöltése,14
leírást,14
lássuk,14
láttunk,14
láttán,14
lények,14
létét,14
magadnak,14
magamban,14
magyarázata,14
magánszemélyek,14
magáért,14
maradok,14
meccsen,14
megfelelni,14
megjelenítésére,14
megkezdte,14
megkezdése,14
megközelítés,14
megnézem,14
megnéztem,14
megszólal,14
megteszi,14
megtörténik,14
megvenni,14
megválasztott,14
megáll,14
megőrzése,14
mellettem,14
melyeknek,14
melyhez,14
mennyiségi,14
menüpontra,14
miből,14
mindennap,14
mondhatom,14
mondotta,14
motort,14
multinacionális,14
munkanélküliek,14
munkákat,14
munkás,14
munkások,14
mutattak,14
márpedig,14
mégegyszer,14
méltán,14
mérnök,14
mérsékelt,14
mérés,14
módjára,14
mónika,14
múltkor,14
műholdas,14
művelet,14
műveletek,14
napját,14
nemtom,14
nevem,14
nevezünk,14
nie,14
norvég,14
nyilvánosan,14
nyoma,14
nyomban,14
nyomja,14
nyugat,14
néma,14
névvel,14
nézek,14
növelte,14
okoznak,14
oktatói,14
olcsóbban,14
országa,14
országaiban,14
országból,14
ot,14
panaszos,14
panel,14
parkoló,14
partnere,14
pontján,14
precíz,14
processing,14
produkció,14
próbáld,14
próbálni,14
példák,14
rajz,14
rendelkezéseit,14
rendelni,14
rendeznek,14
rendeztek,14
rendezték,14
rendezése,14
rendjét,14
rendszerre,14
rendszertelenül,14
requirements,14
rokon,14
rovatban,14
rádiós,14
régészeti,14
részből,14
részesül,14
részlet,14
róma,14
rögzíti,14
sco,14
segg,14
segíthet,14
segítőkész,14
sehr,14
sejtek,14
semmivel,14
sep,14
sikertelen,14
sláger,14
sokoldalú,14
szabadtéri,14
szabályozása,14
szakasza,14
szakszervezetek,14
szauna,14
szavazatot,14
sze,14
szedni,14
szemle,14
szerek,14
szerencsém,14
szereplői,14
szeretete,14
szervezetnek,14
szerződéses,14
szigeten,14
szimbolikus,14
szocialisták,14
szokások,14
szolgáltatásait,14
szállítással,14
számba,14
százezer,14
szélessávú,14
színpad,14
színre,14
szövegét,14
születtem,14
szülés,14
sír,14
találhatóak,14
találkoznak,14
találkozás,14
találkozót,14
találok,14
találtunk,14
tanácsok,14
tanácsokat,14
tanítani,14
tartomány,14
tartózkodik,14
tartózkodás,14
tehetünk,14
tejet,14
tekintet,14
telepítése,14
tendencia,14
tervezet,14
tervezték,14
tervező,14
tojást,14
topics,14
tradicionális,14
tulajdonosai,14
turisták,14
tábornok,14
tágabb,14
tájékoztatása,14
támadást,14
támogat,14
tárgyalásokat,14
tárolása,14
témakörben,14
típusa,14
többre,14
töltse,14
töltöttem,14
túlzottan,14
tűnnek,14
ugyanilyen,14
ugyebár,14
unióhoz,14
upc,14
urunk,14
utóbbiak,14
utóbbit,14
valamennyien,14
valamire,14
valóságot,14
vasút,14
veheti,14
vendégeket,14
veszteség,14
vezetési,14
vezetőjének,14
viselkedés,14
vonult,14
válasszon,14
válaszolok,14
választhat,14
választásokon,14
váljon,14
válna,14
válás,14
várakozás,14
várva,14
vásárló,14
védekezés,14
végezhető,14
végeztem,14
végezték,14
végrehajtott,14
végzettség,14
vélem,14
vén,14
zeit,14
zenész,14
ágazati,14
ágyas,14
ágyban,14
áldozatot,14
állatot,14
áram,14
átmenetileg,14
átvette,14
édesapja,14
éhes,14
éjszakát,14
éljen,14
építették,14
építkezés,14
építő,14
érdeklődést,14
érdeklődését,14
érezhető,14
értelemszerűen,14
értelmezni,14
értékelni,14
értékelve,14
érvényesek,14
érzelmek,14
órája,14
órákon,14
örömét,14
örül,14
összefüggés,14
összehasonlító,14
övé,14
úgymond,14
újszerű,14
újságot,14
ülő,14
ab,13
administration,13
ag,13
ajándékot,13
ajánlotta,13
akadnak,13
akadálya,13
alakban,13
alakuló,13
alakított,13
alapította,13
alighanem,13
alkalmazására,13
alkotása,13
aláírást,13
anderen,13
angyal,13
angyalok,13
anime,13
anyagilag,13
apostol,13
applied,13
arccal,13
arcán,13
associated,13
ati,13
augusztusban,13
ausztráliában,13
azokhoz,13
becsületes,13
befogadó,13
bejelentést,13
bekövetkező,13
belátható,13
bemutatkozó,13
bemutatására,13
beszélgetést,13
beszéltek,13
bios,13
bizonyosan,13
bizonyíték,13
bizottságának,13
biztosítás,13
blog,13
blokk,13
bírom,13
bírta,13
bízom,13
büdös,13
büszkén,13
bőséges,13
bővül,13
cent,13
components,13
copyright,13
csalódás,13
csapatban,13
csatolni,13
cselekvés,13
csepp,13
csodás,13
császári,13
cégünk,13
címedet,13
címén,13
decemberben,13
define,13
dolgom,13
dolgozói,13
dolgunk,13
dologról,13
dráma,13
duma,13
díjakat,13
egyesületek,13
egyidejű,13
egységesen,13
egyének,13
eközben,13
elemző,13
elemzők,13
elfelejtettem,13
elfoglalt,13
elhagyta,13
elhanyagolható,13
elhelyezkedő,13
eljutni,13
elkerülni,13
elkezdte,13
ellátva,13
elnökségi,13
eltöltött,13
elviselni,13
elvitte,13
előfizető,13
előkelő,13
előny,13
előnyeit,13
előrejelzés,13
elősegíti,13
előterjesztést,13
előtted,13
előzőleg,13
előírásoknak,13
említi,13
engedte,13
environmental,13
eredményre,13
erejével,13
erejű,13
errefelé,13
esete,13
esetlegesen,13
esnek,13
estére,13
eséllyel,13
existing,13
exkluzív,13
falon,13
falvak,13
fejlesztésének,13
feküdt,13
feladatainak,13
feladatra,13
felbontás,13
feleségül,13
felfogás,13
felhasználásra,13
felkészült,13
fellelhető,13
feltenni,13
feléd,13
fennmaradó,13
fertőzött,13
figyelemre,13
fizeti,13
fogalmaz,13
foglalkozások,13
foglalta,13
foglaló,13
fogyasztási,13
folytatódott,13
fordulni,13
fordította,13
formális,13
formátumú,13
forog,13
framework,13
funkcióval,13
félévében,13
férjem,13
fóruma,13
garantálja,13
gazdálkodási,13
gondolkodó,13
gondolták,13
gondolunk,13
gondom,13
gyakorolni,13
gyereknek,13
gyümölcs,13
gyűjtött,13
gárda,13
gépkocsi,13
hagyd,13
haja,13
hajlamos,13
hajlandóak,13
hajók,13
halk,13
halljuk,13
hangulatban,13
hasznot,13
határideje,13
határozati,13
határozta,13
határán,13
hatásai,13
helyiség,13
helyszíne,13
hetek,13
hibátlan,13
hidd,13
hirdetett,13
hirdetési,13
hiányoznak,13
hosszas,13
hálás,13
hátteret,13
hátterében,13
hírlevelek,13
híve,13
hívek,13
híven,13
ideiglenesen,13
idg,13
időszakot,13
igazan,13
igyekeztek,13
igényét,13
illeszkedik,13
imént,13
increased,13
indítanak,13
infó,13
irni,13
irányában,13
ism,13
ismeretekkel,13
ismerünk,13
istenhez,13
istentől,13
jahre,13
jakab,13
januárjában,13
javítja,13
javítására,13
jegyzőkönyv,13
jelenteni,13
jelentések,13
jellemzők,13
jogosultságokat,13
jogú,13
jusson,13
jártál,13
játékokat,13
jócskán,13
jókat,13
jórészt,13
jótékony,13
kaliforniai,13
kapcsolható,13
kapcsolt,13
kapjuk,13
keddi,13
kegyelem,13
kerdes,13
kereskedők,13
keretet,13
kerüljenek,13
kevesebben,13
kezdődően,13
kezem,13
kiadást,13
kialakításában,13
kiemelte,13
kifejezett,13
kifejezések,13
kihívást,13
kijön,13
kilométeres,13
kimagasló,13
kisváros,13
kitalálni,13
kiváltó,13
kivételesen,13
konfliktus,13
kori,13
koromban,13
krisztina,13
kultúrát,13
kémia,13
képez,13
képpel,13
képviselt,13
készítették,13
kétszáz,13
kétséges,13
kínálat,13
kísérő,13
kívánó,13
költészet,13
környezetében,13
környéke,13
kötetben,13
kötődik,13
kövesd,13
követték,13
központok,13
küldhetsz,13
küldjön,13
küldés,13
külföldiek,13
labdarúgó,13
legmegfelelőbb,13
lehettek,13
lehetőségünk,13
lezárt,13
lezárása,13
leírását,13
links,13
logók,13
londonban,13
lámpa,13
látszó,13
lépnie,13
lírai,13
lőtt,13
madách,13
magából,13
materials,13
mechanikai,13
megadja,13
megadva,13
megadásával,13
megbízást,13
megbízásából,13
meghaladta,13
megjegyezni,13
megjelenési,13
megkérdezi,13
megkérdezni,13
meglepően,13
meglátjuk,13
megoldását,13
megpróbál,13
megpróbálom,13
megszüntetése,13
megtalálod,13
megtanulni,13
megtartani,13
megtartása,13
melléklete,13
menedzser,13
menekült,13
menetét,13
mennem,13
menüpont,13
meredek,13
mindazok,13
mindazokat,13
mindazon,13
mindnyájan,13
mobiltelefonok,13
mondanám,13
mondtak,13
moziban,13
multimédia,13
munkái,13
munkálatok,13
munkáltatói,13
májusában,13
márciusában,13
mégse,13
mérni,13
mészáros,13
módban,13
módra,13
mózes,13
művét,13
nagyméretű,13
napjaink,13
nasa,13
nemet,13
netelka,13
nevetséges,13
nevének,13
nonprofit,13
normatív,13
nyelvre,13
nyitja,13
nyomozás,13
nyomtatás,13
nyugalom,13
nyugszik,13
nyújthat,13
nálad,13
néhol,13
németországi,13
növekedését,13
októberi,13
olvasott,13
olvasta,13
oroszok,13
orvoshoz,13
osztott,13
otthonában,13
palesztin,13
panasz,13
paraméterek,13
paranccsal,13
paraszt,13
partnereink,13
parton,13
patak,13
pci,13
pert,13
politikát,13
posta,13
postán,13
problémával,13
progi,13
programjának,13
protestáns,13
providing,13
pótolni,13
reagál,13
regisztrálhatja,13
rendeletet,13
rendelhető,13
rendezvényt,13
rendezésében,13
riasztó,13
rohadt,13
rovására,13
részesülnek,13
rétegek,13
schon,13
sebességet,13
sebességű,13
sikereket,13
skót,13
sorában,13
sorát,13
sparc,13
srácok,13
stílust,13
szabványok,13
szakemberei,13
szavát,13
szemű,13
szerelme,13
szerepeltek,13
szeretetet,13
szerkesztés,13
szervezeteket,13
szervezetekkel,13
szervezni,13
szezonban,13
sziasztok,13
szilágyi,13
szorult,13
szándékát,13
szögletes,13
szörny,13
szövetségének,13
születése,13
születési,13
születésnapját,13
sérti,13
sérülés,13
sík,13
sötétben,13
sötétség,13
tagját,13
tanulásra,13
tanácsa,13
tasks,13
technikát,13
tegyék,13
tekintélyes,13
teljesség,13
természetben,13
terveket,13
területein,13
tevő,13
tiszt,13
titkára,13
tizedik,13
tizenegy,13
tojás,13
tok,13
totál,13
tudományok,13
tulajdonságait,13
tájékoztatja,13
tárgyát,13
társadalmat,13
távolságra,13
témákban,13
törvényeket,13
törölheti,13
unióban,13
utalnak,13
utazott,13
valamelyest,13
valóra,13
valósult,13
variable,13
varázslatos,13
vendége,13
vereséget,13
versenyeken,13
versions,13
veszett,13
vesztette,13
veszélyezteti,13
vettél,13
vettünk,13
vezettek,13
vezetést,13
vezérlő,13
viselt,13
vizek,13
vizsgák,13
volta,13
vonatkozásban,13
vont,13
váltotta,13
változtatás,13
városnak,13
városokban,13
vásárlási,13
védelmében,13
védeni,13
végezzük,13
végrehajtási,13
weboldalon,13
wurden,13
xbox,13
zenészek,13
zárult,13
zárójelben,13
áldozata,13
államnak,13
állampolgári,13
állhat,13
általi,13
átadott,13
édesanyja,13
életnek,13
éltem,13
énekel,13
épülete,13
épülnek,13
értelmi,13
értjük,13
értékeit,13
értékesítése,13
értékének,13
érzékelhető,13
érzésem,13
érzést,13
étkezés,13
évekkel,13
évenként,13
évesek,13
ígért,13
íme,13
írtad,13
ítélték,13
órai,13
örökös,13
összegyűjteni,13
ösztöndíj,13
újságok,13
ügyesen,13
ügyészség,13
ülnek,13
ülve,13
ülések,13
üresen,13
ütközik,13
üzemel,13
üzenete,13
üzenetére,13
üzletet,13
őrzött,13
acél,12
adatbázisok,12
addigi,12
adás,12
adók,12
ajtók,12
ajándékba,12
akadály,12
akadályozza,12
akciós,12
akiről,12
akkreditált,12
alapfokú,12
albumot,12
alkalmassá,12
alkalmatlan,12
alkatrész,12
alkotói,12
amelybe,12
amugy,12
andrássy,12
anyaggal,12
array,12
asszonyt,12
asztalon,12
ausztriában,12
barátnőm,12
barátunk,12
bejegyzés,12
berendezett,12
berlini,12
beszerzési,12
beszélsz,12
beteget,12
betűk,12
bevételt,12
beállítás,12
bizonyítják,12
biztonságát,12
bocsánatot,12
bármiféle,12
búcsút,12
bőrt,12
concerning,12
contain,12
csakugyan,12
csatolt,12
cselekmény,12
csodát,12
céljai,12
célozza,12
dalokat,12
debconf,12
decemberi,12
der,12
devices,12
dinamikusan,12
diploma,12
diplomáciai,12
diplomás,12
dohányzás,12
dolgát,12
döntenek,12
egymásba,12
egysége,12
egészét,12
eladók,12
eljutott,12
eljárással,12
elkülönített,12
ellenkezőleg,12
ellenőrzést,12
ellátását,12
elvesztése,12
előadásában,12
előterjesztés,12
előírásokat,12
emeletes,12
emlékezetes,12
emlékeztető,12
említést,12
erőteljesen,12
eurót,12
evangélium,12
ezredes,12
fejlesztésű,12
fejér,12
feladott,12
felhasználását,12
feliratkozni,12
felszín,12
feltűnő,12
felállított,12
felépítésű,12
felületek,12
felületen,12
fenntartó,12
fenyegeti,12
fest,12
fiataloknak,12
fickó,12
filmre,12
foglalkoztatás,12
fokozatos,12
fokozottan,12
fokozza,12
folyamatát,12
folyékony,12
forgalmazott,12
forgalmazása,12
formái,12
formájú,12
frigyes,12
funkciókat,12
futam,12
fából,12
fórumra,12
főszereplő,12
fővel,12
galéria,12
garantált,12
garázs,12
gazdagabb,12
globalizáció,12
graphics,12
gyalog,12
gyerekkel,12
gyermekeket,12
gál,12
haj,12
hajót,12
hallja,12
hangokat,12
hangsúlyozni,12
harcban,12
harmonikus,12
használj,12
használod,12
használok,12
hatnak,12
hatvan,12
hatállyal,12
határa,12
hatékonyságát,12
helyezést,12
homokos,12
hozzon,12
hozzáadása,12
hozzátartozik,12
hozzátartozó,12
hungarians,12
hárman,12
házba,12
hétfői,12
hírlevelünket,12
hív,12
húzódik,12
időket,12
időközönként,12
időpontot,12
igazgatási,12
igazolást,12
igent,12
igényelnek,12
illetlen,12
immer,12
indulni,12
információval,12
intézményt,12
iq,12
irányítás,12
irányításával,12
ismered,12
iszik,12
itten,12
jaj,12
javak,12
jeleket,12
jelenlétét,12
jelenséget,12
jelezni,12
jelezze,12
jobboldal,12
jubileumi,12
jul,12
jutottunk,12
jártunk,12
júniusban,12
kan,12
kapcsolódóan,12
kaphatók,12
kategóriák,12
kecskemét,12
keine,12
kellemesen,12
keretén,12
kezdjük,12
kezdőlapom,12
kezelésében,12
kiad,12
kiadási,12
kicsik,12
kihasználni,12
kirándulás,12
kisalföld,12
kivitelben,12
klára,12
kockázat,12
kollégák,12
kombinált,12
konfliktusok,12
korlátozás,12
koszi,12
krónikus,12
kultúrák,12
károkat,12
kávé,12
képességét,12
képviselte,12
képzőművészeti,12
kérdi,12
kérheti,12
kínálunk,12
kíséretében,12
környezete,12
köszönt,12
kötelezettsége,12
következtetni,12
következően,12
következőképpen,12
közbe,12
közelebbről,12
közepére,12
közkedvelt,12
közlemény,12
küzdenek,12
küzdő,12
laknak,12
lapokat,12
lattam,12
legalabb,12
lehetetlenné,12
lelkeket,12
lemondott,12
lettünk,12
levelezési,12
leírtak,12
lineáris,12
logika,12
lovak,12
lovat,12
lánnyal,12
lássa,12
látogatott,12
léptél,12
lépések,12
létesítmény,12
létesítmények,12
létrehozására,12
magammal,12
magukra,12
magyarázható,12
magyarázni,12
maradéktalanul,12
megbízás,12
megcsinálni,12
megegyezés,12
megemlíteni,12
megfelelo,12
megfizetni,12
meggyőzni,12
meghívást,12
megkönnyíti,12
megmutatni,12
megmutatta,12
megnézheted,12
megnőtt,12
meguntad,12
megvalósult,12
megállapítja,12
megújuló,12
mellet,12
menne,12
mennyiben,12
mennyiséget,12
mennyiségét,12
meséli,12
mielőbb,12
mig,12
mindenek,12
mindennapos,12
mindennel,12
modules,12
mondhatni,12
monitoring,12
mozgást,12
mozilla,12
mti,12
munkájuk,12
másfelől,12
máshogy,12
méretét,12
mérések,12
módunkban,12
műhely,12
működtetése,12
műveket,12
napjainkig,12
naptól,12
nehezebben,12
nek,12
neveket,12
nevezetes,12
nevezési,12
noi,12
novemberében,12
nyithatsz,12
nyitó,12
nyíló,12
nyúl,12
néhányat,12
németül,12
népnek,12
névnap,12
névnapot,12
nézz,12
objektumok,12
oklevelet,12
olvashatunk,12
olvasói,12
opcionális,12
országba,12
oszlop,12
osztályba,12
palota,12
pasi,12
pontra,12
presented,12
processzorok,12
programhoz,12
programokkal,12
próbálták,12
próbára,12
pszichológia,12
párok,12
párom,12
pécsett,12
pénzem,12
radeon,12
rakni,12
reagált,12
regional,12
relevant,12
rendelkezők,12
rendszerhez,12
repülés,12
repülőgép,12
romlott,12
részük,12
rómában,12
segítségre,12
seine,12
select,12
semleges,12
sereg,12
servers,12
sites,12
specifikus,12
spirituális,12
stressz,12
strukturális,12
stílusa,12
sugárzás,12
sulinet,12
szakaszon,12
szakirányú,12
szakmában,12
szavazat,12
szavaztak,12
szempontokat,12
személyzet,12
szeptemberi,12
szerepjáték,12
szereztek,12
szerintetek,12
szerkesztett,12
szervert,12
szervezetben,12
szervezési,12
szerzetes,12
szintjét,12
sztori,12
száját,12
szállást,12
számától,12
számítva,12
számítási,12
számítógépen,12
származott,12
százalékban,12
színvonalon,12
szólok,12
szóra,12
szövegben,12
szükséged,12
szűcs,12
súlyosabb,12
sült,12
sürgősen,12
tagozatos,12
tagsági,12
tagállam,12
találják,12
találkoztak,12
tankönyv,12
tapasztalatom,12
tartalmat,12
tartalék,12
tartsa,12
tegyek,12
tegyünk,12
templomba,12
tenné,12
teremtette,12
teremtés,12
termékei,12
termékeit,12
természetű,12
tervét,12
terápiás,12
tettünk,12
tevékenységre,12
topicban,12
tragédia,12
trek,12
trófea,12
tudását,12
tulajdoni,12
tulajdonság,12
támogatjuk,12
tárolni,12
társaságot,12
társulat,12
távolról,12
tényeket,12
térképek,12
tételek,12
tömege,12
tömör,12
tör,12
törni,12
törvénye,12
törzs,12
túlzás,12
tűzte,12
ugrott,12
ugyanezen,12
unsubscribe,12
update,12
uralkodik,12
ut,12
utakat,12
utalva,12
utasok,12
utasítást,12
utility,12
vadonatúj,12
varázsló,12
vegyi,12
versenyképes,12
verte,12
vezetik,12
vezetőinek,12
vezér,12
vihar,12
világból,12
világról,12
virágok,12
visszafelé,12
vitában,12
vizsgáljuk,12
vágynak,12
válassza,12
várat,12
végrehajtását,12
végzettséggel,12
véleményeket,12
vételi,12
weboldalt,12
zaj,12
zeneszerző,12
zenéje,12
zenék,12
zongorista,12
zwei,12
zwischen,12
zárul,12
zászló,12
ábrázoló,12
állapotában,12
árakat,12
árut,12
árú,12
ásványi,12
átadni,12
átalakulás,12
élelmiszerek,12
élesen,12
életed,12
énekelni,12
építész,12
építészet,12
érdek,12
érdekvédelmi,12
értesíti,12
érzéki,12
érünk,12
ésszerű,12
északra,12
ételt,12
éveiben,12
évtizedekben,12
ígér,12
írhat,12
írtuk,12
írást,12
írói,12
ítéletet,12
óvoda,12
összesített,12
újabban,12
ügynök,12
üzletek,12
